iPhone_Model_Name,Date,Country,Region,Units_Sold,Revenue_USD,Average_Selling_Price,Market_Share_%,Growth_Rate_%,Google_Search_Index,Social_Media_Mentions,Ad_Spend_USD,Conversion_Rate_%,Storage_Variant,Color,Discount_%,Sales_Channel,Holiday_Season,Inflation_Rate,Preorders_Count,Return_Rate_%,Year
iPhone 17,22-06-2025,Brazil,South America,56090,67251910,1199,15.62,17.22,93,407069,6419877,2.5,512GB,Gold,24.81,Retail Store,Yes,5.51,88305,3.1,2025
iPhone 17 Pro,23-09-2025,France,Europe,122059,121936941,999,31.9,10.08,86,1234454,4272998,4.35,1TB,Silver,18.89,Carrier,No,2.99,65623,3.4,2025
iPhone 17,03-11-2024,France,Europe,167906,167738094,999,24.73,-4.83,74,648550,2884413,3,1TB,Titanium,5.7,Online,Yes,4.28,58016,2.22,2024
iPhone 17,09-05-2024,France,Europe,62254,80867946,1299,31.24,10.09,56,1437563,5239567,6.18,128GB,Black,13.88,Carrier,Yes,4.94,5049,4.99,2024
iPhone 17,26-01-2025,Canada,North America,127893,140554407,1099,41.92,15.41,58,349544,7071458,5.65,256GB,Blue,21.17,Retail Store,No,7.07,62040,3.57,2025
iPhone 17,10-11-2024,UAE,Middle East,158946,174681654,1099,43.07,12.42,89,596349,6346594,4.18,256GB,Gold,23.5,Retail Store,No,7.83,71497,1.64,2024
iPhone 17 Pro,23-06-2025,USA,North America,164661,164496339,999,43.62,15.79,84,767995,2909079,3.99,1TB,Black,13.82,Retail Store,Yes,5.22,69235,4.41,2025
iPhone 17 Pro,28-01-2026,Japan,Asia,166222,182677978,1099,37.53,11.62,90,1314717,1298320,4.9,256GB,Black,12.41,Carrier,No,4.03,69234,1.4,2026
iPhone 17,17-02-2026,Germany,Europe,94459,122702241,1299,15.33,15.54,61,1853832,4498502,6.81,256GB,Titanium,16.92,Retail Store,No,4.64,63921,3.53,2026
iPhone 17,30-05-2024,Japan,Asia,41790,54285210,1299,27.73,15.57,88,1668349,2279490,3.64,512GB,Silver,10.13,Carrier,Yes,5.21,33355,1.48,2024
iPhone 17,07-02-2024,India,Asia,159188,190866412,1199,39.68,11.35,52,1630284,5460955,6.83,512GB,Gold,9.37,Online,No,3.36,36591,3.11,2024
iPhone 17,23-03-2024,Germany,Europe,35309,35273691,999,39.87,6.8,82,1933025,7553768,4.37,256GB,Gold,6.84,Carrier,Yes,1.87,32189,3.77,2024
iPhone 17,16-02-2025,Canada,North America,60106,72067094,1199,23.24,-2.61,50,1428464,5295207,5.28,1TB,Blue,8.95,Carrier,No,2.24,17489,2.99,2025
iPhone 17,24-05-2024,France,Europe,40934,44986466,1099,28.12,15.51,87,1054304,2332247,6.6,1TB,Silver,7.45,Carrier,No,4.9,46088,4.8,2024
iPhone 17,04-10-2024,France,Europe,119680,131528320,1099,25.68,15.25,98,171865,4444588,3.95,128GB,Gold,2.31,Carrier,No,4.63,46221,1.33,2024
iPhone 17 Pro,22-11-2025,Japan,Asia,41069,45134831,1099,32.61,11.38,98,103275,3093714,4.2,128GB,Blue,8.44,Online,Yes,7.35,51447,3.28,2025
iPhone 17,02-05-2025,Canada,North America,90703,99682597,1099,29.95,0.59,82,982580,1344789,3.51,128GB,Gold,9.13,Carrier,Yes,4.67,80149,1.75,2025
iPhone 17,21-09-2025,India,Asia,137883,151533417,1099,15.16,17.35,79,1110117,3296818,6.19,128GB,Titanium,17.96,Retail Store,No,4.98,49514,4.35,2025
iPhone 17 Pro,23-08-2025,Japan,Asia,35618,39144182,1099,42.96,0.34,52,362272,785925,4.01,512GB,Titanium,3.36,Carrier,Yes,1.91,5219,1.81,2025
iPhone 17,27-04-2024,UK,Europe,154649,169959251,1099,28.97,4.5,76,378512,5256447,3.51,128GB,Black,11.31,Retail Store,No,2.42,70526,1.66,2024
iPhone 17,14-04-2024,France,Europe,118177,118058823,999,23.12,8.74,82,1865910,5246769,6.4,1TB,Titanium,10.2,Carrier,Yes,5.09,58106,1.92,2024
iPhone 17,07-10-2025,Australia,Oceania,177893,213293707,1199,33.1,12.98,65,985667,4911219,5.51,128GB,Black,5.12,Retail Store,Yes,3.41,20327,1.35,2025
iPhone 17,22-06-2024,Japan,Asia,135307,175763793,1299,44.24,12.27,66,1385289,6084381,4.69,128GB,Black,22.36,Carrier,No,6.7,54920,2.94,2024
iPhone 17 Pro,18-06-2025,USA,North America,161968,210396432,1299,42.1,8.81,75,1481320,3406316,5.51,128GB,Blue,1.1,Online,Yes,5.32,15182,3.22,2025
iPhone 17,17-12-2025,Japan,Asia,94273,113033327,1199,41.3,2.86,84,539297,7865373,2.5,256GB,Titanium,4.64,Online,Yes,4,16919,4.2,2025
iPhone 17,13-01-2026,India,Asia,120373,132289927,1099,27.53,2.96,54,1532608,2529885,2.52,128GB,Silver,11.68,Retail Store,Yes,3.43,37801,2.19,2026
iPhone 17,25-07-2024,India,Asia,56844,56787156,999,39.92,-4.87,92,1190241,5889464,3.49,512GB,Silver,4.66,Retail Store,No,6.57,84412,1.23,2024
iPhone 17,18-05-2025,UAE,Middle East,159579,191335221,1199,20.21,12.04,53,863066,1954623,5.69,512GB,Silver,1.68,Online,Yes,5.28,23953,1.3,2025
iPhone 17,14-08-2025,Canada,North America,82889,99383911,1199,44.7,9.58,61,681763,5078394,3.09,512GB,Gold,18.96,Retail Store,Yes,1.66,47064,2.29,2025
iPhone 17,21-06-2024,UK,Europe,99976,129868824,1299,34.55,1.58,64,1544811,2777935,4.94,512GB,Titanium,3.98,Retail Store,No,2.82,39444,4.11,2024
iPhone 17,19-12-2024,Brazil,South America,127755,153178245,1199,25.73,0.37,87,758758,7445209,5.6,128GB,Titanium,20.01,Carrier,Yes,2.8,12078,3.68,2024
iPhone 17 Pro,02-07-2025,UK,Europe,159832,175655368,1099,38.2,-4.6,94,988182,3254190,3.56,512GB,Blue,22.09,Online,No,4.37,79367,3.08,2025
iPhone 17 Pro,30-09-2025,India,Asia,96537,96440463,999,18.69,-1.99,75,1287068,6116992,3.05,128GB,Titanium,11.3,Carrier,Yes,7.57,32856,3.03,2025
iPhone 17 Pro,31-08-2025,Brazil,South America,20704,20683296,999,40.99,17.83,62,762568,3139956,5.05,512GB,Gold,18.46,Carrier,No,7.21,32165,4.7,2025
iPhone 17,13-07-2025,UAE,Middle East,61413,73634187,1199,29.58,-1.32,95,771738,1652078,4.9,1TB,Titanium,14.52,Retail Store,No,2.08,67157,3.86,2025
iPhone 17,07-07-2024,Australia,Oceania,155507,170902193,1099,21.84,-2.49,59,1729017,6402296,6.28,128GB,Blue,22.5,Carrier,No,3.8,37084,2.21,2024
iPhone 17,02-07-2025,France,Europe,32633,32600367,999,29.19,5.92,71,943663,7808420,5.39,256GB,Black,15.18,Carrier,Yes,5.05,60993,2.03,2025
iPhone 17,21-05-2025,UAE,Middle East,63231,69490869,1099,15.6,11.17,93,98752,1415416,5.52,256GB,Blue,2.32,Carrier,Yes,3.17,7895,1.51,2025
iPhone 17,28-02-2025,India,Asia,151728,197094672,1299,32.25,4.46,82,1771811,4274910,4.69,512GB,Gold,15.16,Carrier,Yes,6.47,17716,2.27,2025
iPhone 17,05-01-2025,UAE,Middle East,120432,120311568,999,19.91,-0.88,69,1830740,1263403,3.39,256GB,Black,22.17,Online,Yes,5.7,80794,3.69,2025
iPhone 17,31-08-2024,Brazil,South America,135029,148396871,1099,40.84,14.01,90,386094,1636497,5.36,256GB,Black,5.53,Online,No,7.86,26911,3.23,2024
iPhone 17,19-05-2024,UAE,Middle East,98986,108785614,1099,19.55,-5.56,93,341486,1195928,5.93,128GB,Black,4,Retail Store,No,4.5,68095,1.99,2024
iPhone 17,18-05-2024,UK,Europe,24596,31950204,1299,34.3,12.29,84,627993,4268452,5.48,512GB,Blue,0.05,Retail Store,No,2.66,83073,3.48,2024
iPhone 17 Pro,28-08-2025,USA,North America,41928,54464472,1299,28.92,17.27,61,1734776,6304828,3.01,256GB,Silver,3.78,Online,No,2.96,18352,4.4,2025
iPhone 17 Pro,13-01-2026,Germany,Europe,84184,109355016,1299,27.86,-4.34,71,1651951,5754552,5.51,256GB,Blue,11.56,Retail Store,No,4.18,15924,4,2026
iPhone 17 Pro,23-08-2025,USA,North America,41819,45959081,1099,36.58,15.15,54,1423714,4278363,6.36,512GB,Blue,20.48,Carrier,Yes,5.02,33930,4.04,2025
iPhone 17,05-02-2024,Canada,North America,102960,123449040,1199,21.47,1.37,70,1091316,843316,5.44,512GB,Gold,23.46,Online,Yes,7.16,56798,4.23,2024
iPhone 17,03-10-2024,Germany,Europe,41649,49937151,1199,19.94,-3.56,70,1892005,7670904,5.66,512GB,Black,5.94,Carrier,Yes,4.83,34259,1.94,2024
iPhone 17 Pro,14-11-2025,France,Europe,138053,137914947,999,16.53,-1.3,72,214832,1601838,6.42,256GB,Silver,6.42,Carrier,Yes,5.82,6744,2.82,2025
iPhone 17,03-08-2025,France,Europe,136251,149739849,1099,35.19,-0.84,87,1844985,2297501,4.51,512GB,Gold,19.96,Carrier,Yes,6.85,82003,3.32,2025
iPhone 17,21-12-2025,Brazil,South America,135956,149415644,1099,28.76,-0.48,86,213241,4285180,4.17,256GB,Blue,9.37,Retail Store,No,4.58,26173,3.41,2025
iPhone 17,29-05-2025,Brazil,South America,152416,152263584,999,44.52,-0.5,96,1012477,3879027,2.64,512GB,Black,24.27,Online,Yes,6.53,30716,1.62,2025
iPhone 17,07-12-2025,France,Europe,100090,99989910,999,41.41,8.21,73,316281,2581906,3.41,128GB,Silver,9.88,Carrier,No,1.76,38428,3.17,2025
iPhone 17,27-01-2024,France,Europe,158309,173981591,1099,41.46,13.42,60,349160,2969931,4.31,1TB,Blue,2.57,Carrier,No,2.73,34897,3.86,2024
iPhone 17,12-07-2025,Germany,Europe,44320,48707680,1099,34.72,4.28,71,1835104,6063843,5.55,256GB,Titanium,15.19,Carrier,Yes,3.42,21135,4.72,2025
iPhone 17,12-07-2025,UK,Europe,15174,15158826,999,28.06,6.28,66,709698,737369,3.23,256GB,Titanium,19.66,Carrier,No,6.27,74569,1.06,2025
iPhone 17,14-12-2025,USA,North America,39618,47501982,1199,40.17,-7.7,82,261517,6761761,4.47,256GB,Silver,5.87,Retail Store,Yes,6.08,88842,3.82,2025
iPhone 17 Pro,03-07-2025,Germany,Europe,142426,170768774,1199,40.52,17.53,67,1968755,1223759,3.23,1TB,Titanium,4.67,Retail Store,Yes,1.63,62722,1.77,2025
iPhone 17,16-10-2024,France,Europe,118937,130711763,1099,23.62,9.08,71,1743129,922154,5.18,1TB,Blue,4.3,Retail Store,Yes,7.52,25547,2.19,2024
iPhone 17,21-01-2024,Japan,Asia,85843,102925757,1199,40.01,4.99,99,1783163,3551396,6.03,256GB,Gold,10.48,Online,No,4.75,13751,2.78,2024
iPhone 17,24-06-2024,UK,Europe,22352,24564848,1099,21.03,7.35,56,181948,3730922,4.71,512GB,Gold,23.18,Retail Store,No,2.19,28398,3.85,2024
iPhone 17,29-03-2025,UK,Europe,20520,22551480,1099,37.22,14.44,86,1667819,5818001,3.84,512GB,Silver,13.53,Carrier,No,3.74,73269,1.66,2025
iPhone 17,18-01-2025,USA,North America,56458,56401542,999,22.25,1.21,85,1157921,7471432,3.45,128GB,Silver,7.78,Carrier,Yes,2.59,72166,2.56,2025
iPhone 17,13-01-2026,Japan,Asia,23640,25980360,1099,21.11,0.52,62,1839989,5513728,5.34,256GB,Titanium,13.31,Retail Store,Yes,2.25,74088,2.98,2026
iPhone 17,11-02-2025,India,Asia,56153,56096847,999,17.01,14.81,61,435054,3601208,5.84,512GB,Silver,21.2,Retail Store,Yes,5.05,79848,1.3,2025
iPhone 17,17-08-2024,UAE,Middle East,116158,116041842,999,35.32,11.72,84,1192548,1306450,5.29,1TB,Titanium,18.56,Retail Store,No,2.6,38710,4.56,2024
iPhone 17,29-11-2024,Australia,Oceania,27226,29921374,1099,34.09,0.44,94,1085535,6728475,4.58,1TB,Black,6.96,Carrier,No,5.76,30526,2.06,2024
iPhone 17,01-04-2025,UK,Europe,58395,58336605,999,28.85,17.57,73,105939,1366649,5.65,128GB,Blue,9.21,Retail Store,No,4.31,6748,2.04,2025
iPhone 17,23-08-2024,India,Asia,95764,105244636,1099,41.38,-1.67,54,754619,3400109,5.5,256GB,Titanium,8.08,Carrier,No,7.34,47535,2.3,2024
iPhone 17 Pro,23-06-2025,Germany,Europe,105012,104906988,999,28.09,9.34,67,701825,4531146,6.16,128GB,Blue,17.67,Retail Store,Yes,7.79,78403,2.31,2025
iPhone 17,24-03-2024,UK,Europe,163447,212317653,1299,24.27,-4.55,92,1828322,4324482,5.31,128GB,Black,21.61,Online,Yes,5.32,79312,1.28,2024
iPhone 17,22-12-2024,UK,Europe,45908,50452892,1099,35.24,9.62,67,938999,1627222,6.66,512GB,Silver,15.79,Carrier,Yes,1.85,3570,3.79,2024
iPhone 17,29-06-2025,UAE,Middle East,93824,103112576,1099,17.09,6.42,50,931007,7550406,5.2,256GB,Silver,4.48,Retail Store,No,6.08,12941,3.32,2025
iPhone 17,08-02-2025,UK,Europe,101402,131721198,1299,41.82,0.77,80,200062,7752132,3.29,128GB,Blue,16.82,Retail Store,Yes,2.93,32437,3.08,2025
iPhone 17,06-09-2024,UAE,Middle East,84504,92869896,1099,25.54,-5.56,57,1495153,5714266,2.68,256GB,Titanium,7.29,Online,No,2.85,80273,4.14,2024
iPhone 17,09-06-2025,UAE,Middle East,179957,233764143,1299,29.27,9.53,79,1569556,2679023,4.03,256GB,Blue,12.76,Online,No,5.5,34923,3.04,2025
iPhone 17,29-01-2024,Brazil,South America,62574,68768826,1099,33.79,-0.76,58,1425205,1708014,3.22,1TB,Silver,0.62,Retail Store,No,4.42,39639,1.2,2024
iPhone 17,16-09-2024,UAE,Middle East,85453,93912847,1099,17.63,-0.65,60,234455,3866032,3.99,512GB,Silver,7.34,Online,No,1.77,44830,2.06,2024
iPhone 17,26-06-2024,Japan,Asia,16961,18640139,1099,25.3,13.7,61,879687,6827095,4.18,128GB,Gold,23.22,Carrier,No,1.9,64576,1.96,2024
iPhone 17,28-01-2025,UK,Europe,18358,23847042,1299,19.51,17.17,74,710270,6919585,3.35,256GB,Black,0.13,Online,Yes,1.89,53248,4,2025
iPhone 17 Pro,28-08-2025,UK,Europe,172249,172076751,999,20.54,0.89,74,1551315,4141104,6.2,1TB,Blue,4.33,Retail Store,Yes,4.66,48939,2.15,2025
iPhone 17,16-12-2025,Brazil,South America,37927,45474473,1199,24.96,9.23,86,1870146,469518,4.28,1TB,Blue,13.25,Carrier,No,2.55,24097,1.83,2025
iPhone 17 Pro,26-08-2025,Japan,Asia,124863,149710737,1199,17.8,17.06,52,555147,6347586,5.54,512GB,Gold,14.86,Online,Yes,5.42,32327,1.02,2025
iPhone 17,28-04-2025,Brazil,South America,87684,105133116,1199,40.12,-4.69,95,1363871,4413582,2.92,128GB,Blue,20.79,Retail Store,Yes,7.47,36377,2.27,2025
iPhone 17 Pro,07-06-2025,Germany,Europe,100959,131145741,1299,18.77,17.05,97,234226,5556758,5.14,1TB,Blue,13.53,Online,Yes,2.06,89226,4.33,2025
iPhone 17,14-02-2026,USA,North America,156382,156225618,999,32.86,14.67,84,1226375,7833980,3.64,512GB,Silver,7.39,Retail Store,No,4.94,74466,3.26,2026
iPhone 17,29-04-2025,Germany,Europe,119700,119580300,999,18.73,14.75,72,85209,6293868,4.27,512GB,Gold,15.08,Carrier,No,6.71,27594,3.07,2025
iPhone 17 Pro,25-09-2025,Australia,Oceania,117166,128765434,1099,44.69,9.79,92,500888,1763133,4.22,512GB,Titanium,13.87,Retail Store,Yes,2,31091,1.68,2025
iPhone 17,12-01-2025,UK,Europe,152046,151893954,999,22.31,9.05,88,1149974,2793946,5.07,128GB,Black,5.25,Online,No,6.32,20065,2.89,2025
iPhone 17,15-12-2024,Japan,Asia,45734,59408466,1299,26.62,14.45,94,1436936,2831129,6.7,128GB,Silver,0.5,Retail Store,No,2.5,10987,3.83,2024
iPhone 17,26-10-2024,USA,North America,166285,216004215,1299,24.21,14.35,50,1703770,4332623,6.32,128GB,Blue,9.58,Retail Store,Yes,2.59,73474,3.71,2024
iPhone 17,15-03-2025,France,Europe,30386,36432814,1199,35.37,8.42,57,1640142,3599362,5.33,512GB,Blue,21.59,Online,No,2.36,78452,1.56,2025
iPhone 17,17-03-2025,India,Asia,48896,63515904,1299,37.48,15.86,65,1002401,5107926,5.88,128GB,Silver,6.86,Retail Store,No,5.56,80239,4.21,2025
iPhone 17,04-02-2024,UK,Europe,86792,104063608,1199,28.33,9.57,91,126032,904910,5.98,1TB,Black,16.79,Retail Store,Yes,1.71,44785,1.15,2024
iPhone 17 Pro,26-07-2025,Japan,Asia,34585,41467415,1199,26.92,-1.62,73,345864,4875715,6.67,512GB,Blue,4.04,Retail Store,No,7.78,64607,3.86,2025
iPhone 17,17-08-2024,UAE,Middle East,48980,48931020,999,37.34,3.59,74,169353,429813,5.53,128GB,Gold,11.26,Retail Store,No,6.37,81683,3.48,2024
iPhone 17,30-03-2025,France,Europe,54041,59391059,1099,19.59,10.93,52,830774,3757963,5.65,512GB,Gold,21.39,Retail Store,No,4.22,80355,3.59,2025
iPhone 17,01-07-2025,France,Europe,154810,154655190,999,24.19,-1.11,59,1128939,4342518,3.67,128GB,Silver,1.32,Carrier,No,6.22,46965,4.25,2025
iPhone 17,26-12-2025,France,Europe,39503,51314397,1299,37.5,3.88,61,397231,4505513,3.38,512GB,Gold,12.62,Carrier,Yes,6.5,49825,3.31,2025
iPhone 17,10-06-2024,Brazil,South America,103992,103888008,999,26.8,8.03,99,103548,2953589,5.44,1TB,Blue,8.75,Online,No,5.51,53717,2.47,2024
iPhone 17,07-10-2024,France,Europe,46625,60565875,1299,27.13,17.82,51,1574201,1202009,6.39,512GB,Blue,15.02,Carrier,Yes,6.06,84731,4.39,2024
iPhone 17,12-10-2024,Japan,Asia,109948,109838052,999,23.7,-2.76,65,803776,3894679,4.39,128GB,Titanium,2.83,Online,Yes,2.62,52156,1.66,2024
iPhone 17 Pro,15-06-2025,India,Asia,66660,73259340,1099,18.91,-2.71,53,1067751,4535247,6.14,512GB,Titanium,7.95,Online,Yes,1.56,23836,2.21,2025
iPhone 17,23-12-2025,USA,North America,111952,111840048,999,38.93,14.47,53,1799759,2543167,3.83,1TB,Silver,11.89,Carrier,No,6.42,18728,1.33,2025
iPhone 17,08-03-2025,Australia,Oceania,48635,63176865,1299,36.46,17.3,93,1930374,7833976,3.25,512GB,Silver,8.32,Carrier,No,7.61,42236,1.03,2025
iPhone 17,28-01-2024,Japan,Asia,125310,137715690,1099,34.08,11.91,98,1636232,1187600,5.99,128GB,Black,3.36,Carrier,Yes,4.54,6516,4.74,2024
iPhone 17,20-02-2024,Brazil,South America,116190,150930810,1299,20.22,6.22,83,1332930,2050375,2.62,128GB,Gold,11.23,Online,No,3.43,6880,1.5,2024
iPhone 17,12-12-2024,UK,Europe,47930,47882070,999,29.66,5.63,62,312911,5738938,6.6,1TB,Blue,10.89,Online,No,2.34,87627,3.5,2024
iPhone 17,22-03-2024,India,Asia,158988,206525412,1299,35.15,0.68,57,896117,1237566,2.61,256GB,Black,18.02,Retail Store,No,4.84,47333,2.75,2024
iPhone 17,03-12-2024,France,Europe,179404,197164996,1099,38.44,10.29,72,564353,6955851,5.53,512GB,Blue,12.43,Retail Store,Yes,7.68,53387,3.56,2024
iPhone 17,11-05-2024,Canada,North America,127255,127127745,999,27.7,3.76,94,1822195,1151972,2.94,128GB,Gold,4.17,Online,Yes,7.5,76169,2.42,2024
iPhone 17,03-06-2025,UK,Europe,115417,149926683,1299,35.31,9.75,88,474798,2445990,2.96,1TB,Gold,4.3,Retail Store,No,4.3,40534,1.56,2025
iPhone 17,31-01-2026,Australia,Oceania,89233,89143767,999,43.09,16.46,66,928964,7687596,3.58,512GB,Titanium,15.6,Carrier,No,4.58,62025,2.07,2026
iPhone 17,17-09-2025,Australia,Oceania,177488,212808112,1199,15.11,-3.77,74,1438990,5846021,5.74,1TB,Black,0.7,Carrier,No,3.94,62473,2.83,2025
iPhone 17,15-02-2025,India,Asia,30733,36848867,1199,44.65,0.95,91,744607,2955517,4.85,512GB,Gold,5.33,Online,Yes,6.58,89489,2.51,2025
iPhone 17,21-11-2024,Canada,North America,120586,144582614,1199,40.55,14.46,54,578506,3159374,2.59,512GB,Black,17.24,Retail Store,Yes,7.65,43927,3.35,2024
iPhone 17,07-07-2024,India,Asia,165713,198689887,1199,42.45,0.72,55,130713,5980427,5.34,512GB,Silver,13.57,Retail Store,No,2.34,19984,3.49,2024
iPhone 17,06-04-2025,India,Asia,88366,97114234,1099,25.16,-6.56,89,937617,450248,4,1TB,Silver,12.3,Carrier,Yes,5.22,44954,3.42,2025
iPhone 17,18-10-2024,Canada,North America,116164,150897036,1299,37.26,-6.64,75,1924344,4397581,5.57,512GB,Blue,4.59,Online,No,6.84,52111,1.76,2024
iPhone 17,13-01-2025,USA,North America,18435,22103565,1199,15.54,-5.34,53,792917,7067057,3,1TB,Titanium,21.24,Online,Yes,4.96,38739,2.45,2025
iPhone 17 Pro,19-06-2025,Brazil,South America,59013,70756587,1199,25.8,-5.66,76,598993,3491287,5.64,512GB,Black,16.07,Carrier,No,6.59,53222,1.01,2025
iPhone 17,18-12-2025,Japan,Asia,126266,164019534,1299,38.02,16.09,67,611661,2302871,5.57,512GB,Titanium,22.22,Online,Yes,6,10642,4.73,2025
iPhone 17,11-08-2025,Germany,Europe,179832,233601768,1299,39.1,-4.01,88,1421502,1715502,2.57,512GB,Gold,19.51,Online,Yes,3.85,71519,1.76,2025
iPhone 17,03-04-2024,Australia,Oceania,158609,190172191,1199,40.29,8.75,60,285671,7216578,4.26,512GB,Gold,16.65,Carrier,No,2.9,12505,3.18,2024
iPhone 17,09-02-2025,USA,North America,73703,95740197,1299,24.83,-4.99,53,390258,882450,5.29,1TB,Gold,16.59,Retail Store,Yes,6.94,40792,4.53,2025
iPhone 17 Pro,30-12-2025,UAE,Middle East,30540,36617460,1199,23.98,11.45,80,853931,1009723,6.35,1TB,Titanium,9.9,Online,Yes,2.79,88929,4.54,2025
iPhone 17,16-02-2026,USA,North America,127223,127095777,999,42.46,11.81,81,1690245,783609,6.49,1TB,Silver,3.43,Online,No,3.69,76719,2.74,2026
iPhone 17,25-11-2024,France,Europe,106141,137877159,1299,35.91,6.56,86,1493110,1807576,5.86,512GB,Titanium,13.74,Carrier,Yes,4.44,85999,4.53,2024
iPhone 17 Pro,23-12-2025,USA,North America,61715,73996285,1199,30.05,3.38,98,1237260,1775520,3.79,512GB,Gold,6.25,Carrier,Yes,3.82,73382,3.46,2025
iPhone 17,19-01-2025,Australia,Oceania,175371,175195629,999,36.73,-3.07,99,1270897,4190918,3.39,256GB,Gold,10.95,Carrier,No,4.16,10833,1.6,2025
iPhone 17 Pro,15-07-2025,Germany,Europe,145942,189578658,1299,42.98,2.26,50,1949085,4960141,6.43,256GB,Blue,1.04,Retail Store,No,6.9,60654,4.43,2025
iPhone 17,14-05-2024,France,Europe,164594,197348206,1199,24.08,3.94,98,700160,1406152,3.7,128GB,Blue,6.11,Carrier,Yes,2.98,19940,1.39,2024
iPhone 17,08-02-2026,Brazil,South America,27397,32849003,1199,40.52,6.31,59,1287989,577216,2.98,1TB,Blue,17.21,Carrier,Yes,3.19,13974,4.99,2026
iPhone 17,20-12-2025,Australia,Oceania,170049,169878951,999,30.97,-0.11,62,125784,7749953,5.1,256GB,Blue,23.95,Online,Yes,4.77,87766,3.48,2025
iPhone 17,20-01-2024,USA,North America,24967,27438733,1099,20.17,14.11,53,561930,2526028,5.45,256GB,Blue,9.56,Carrier,Yes,3.33,77495,4.45,2024
iPhone 17,22-02-2025,India,Asia,87258,95896542,1099,36.17,13.34,50,1047386,5527736,3.34,128GB,Blue,20.78,Online,Yes,6.48,32047,2.51,2025
iPhone 17,26-05-2024,Australia,Oceania,170794,170623206,999,29.51,4.75,99,692495,598017,3.61,512GB,Gold,22.49,Online,No,7.42,53575,1.06,2024
iPhone 17,12-02-2025,UK,Europe,48371,62833929,1299,29.99,3.4,81,974586,5318580,6.37,256GB,Black,11.46,Carrier,No,3.21,21263,4.62,2025
iPhone 17,16-03-2025,Brazil,South America,105751,126795449,1199,25.65,0.34,85,1098143,4500321,3.16,128GB,Blue,0.74,Online,No,1.97,83720,2.21,2025
iPhone 17,25-05-2025,Japan,Asia,82381,98774819,1199,25.49,3.05,60,922653,2236517,4.62,512GB,Black,17.67,Retail Store,No,7.61,29148,3.58,2025
iPhone 17,04-11-2025,Australia,Oceania,173187,190332513,1099,40.29,5.53,68,391896,1708064,2.66,128GB,Blue,22.8,Carrier,Yes,6.54,74437,4.01,2025
iPhone 17 Pro,10-08-2025,India,Asia,173660,173486340,999,41.01,16.77,64,1787955,2509571,6.25,128GB,Black,3.13,Retail Store,No,2.34,89649,4.79,2025
iPhone 17,11-08-2025,Germany,Europe,51948,51896052,999,38.67,1.13,91,943204,5140616,3.82,128GB,Gold,21.87,Carrier,No,6.52,88481,3.99,2025
iPhone 17,20-12-2025,India,Asia,173278,207760322,1199,36.62,5.01,61,1049738,1292743,2.75,512GB,Silver,20.52,Online,Yes,1.75,57290,4.81,2025
iPhone 17,31-03-2025,Australia,Oceania,127424,140038976,1099,40.2,10.85,67,183088,1988049,6.49,1TB,Silver,20.26,Online,Yes,3.93,75728,3.94,2025
iPhone 17,06-02-2025,India,Asia,57678,57620322,999,35.04,-3.41,80,1052320,2028782,3.94,512GB,Gold,16.76,Carrier,Yes,2.72,41735,4.52,2025
iPhone 17,08-07-2024,Brazil,South America,108608,119360192,1099,21.34,0.14,97,340440,3663647,4.29,256GB,Titanium,6.13,Retail Store,Yes,4.41,46151,1.2,2024
iPhone 17,17-11-2024,UK,Europe,153570,184130430,1199,20.08,8.14,89,1965632,5390364,2.83,1TB,Black,22.03,Carrier,Yes,3.17,89158,1.51,2024
iPhone 17 Pro,22-09-2025,UK,Europe,70107,84058293,1199,43.79,2.01,51,819663,7095518,5.35,512GB,Gold,22.87,Retail Store,No,2.86,89555,3.32,2025
iPhone 17 Pro,26-10-2025,UK,Europe,104670,115032330,1099,37.49,3.37,59,1899201,7327045,2.64,128GB,Blue,21.98,Online,Yes,1.58,77791,2.17,2025
iPhone 17 Pro,12-09-2025,India,Asia,81333,105651567,1299,30.19,13.95,75,1943032,5344614,2.75,512GB,Gold,2.58,Retail Store,Yes,4.3,70428,3.35,2025
iPhone 17,01-12-2025,France,Europe,59512,71354888,1199,17.85,10.93,72,265964,4095611,4.02,128GB,Gold,6.56,Retail Store,No,2.29,80518,2.9,2025
iPhone 17,16-04-2025,Australia,Oceania,83259,91501641,1099,20.14,-5.95,96,96375,6929573,6.52,512GB,Blue,13.25,Online,No,5.85,4883,5,2025
iPhone 17,20-03-2025,India,Asia,78138,93687462,1199,23.93,9.15,80,1553437,5512468,3.73,1TB,Blue,7.87,Retail Store,No,2.26,72506,1.84,2025
iPhone 17,28-07-2024,USA,North America,90582,108607818,1199,35.8,12.84,50,1691589,7089927,3.56,1TB,Titanium,12.02,Carrier,Yes,5.09,39163,2.03,2024
iPhone 17 Pro,06-09-2025,France,Europe,20741,20720259,999,27.25,-0.71,88,1199816,3128338,3.27,256GB,Silver,13.25,Carrier,Yes,3.38,89612,1.47,2025
iPhone 17,26-01-2026,UAE,Middle East,25599,30693201,1199,22.21,9.14,55,801927,3687008,5.79,1TB,Black,1.01,Carrier,No,2.12,60014,2.18,2026
iPhone 17,22-05-2024,Japan,Asia,64063,83217837,1299,18.9,0.52,80,1947322,2939065,6.56,512GB,Silver,0.87,Retail Store,Yes,3.58,40449,3.63,2024
iPhone 17 Pro,14-07-2025,Germany,Europe,107254,139322946,1299,19.23,7.83,83,543788,5355095,6.89,256GB,Gold,21.84,Retail Store,Yes,3.64,18858,4.39,2025
iPhone 17,24-01-2026,Germany,Europe,96481,125328819,1299,31.45,-2.87,55,1672210,3318634,6.51,256GB,Black,11.76,Carrier,No,4.93,58032,4.25,2026
iPhone 17,24-05-2025,France,Europe,150995,150844005,999,43.66,15.08,57,1672063,4433743,5.86,256GB,Gold,9.46,Online,No,4.58,19991,4.63,2025
iPhone 17,05-10-2025,USA,North America,17419,19143481,1099,38.98,15.36,78,1323517,1624858,3.79,1TB,Gold,8.33,Carrier,Yes,4.27,65112,1.68,2025
iPhone 17 Pro,24-06-2025,Australia,Oceania,69645,90468855,1299,27.08,-7.96,80,1658777,4707997,3.2,1TB,Blue,11.29,Online,Yes,4.15,89120,2.95,2025
iPhone 17 Pro,24-07-2025,Germany,Europe,150431,150280569,999,43.83,-7.66,78,1092494,6502102,3.64,512GB,Blue,20.27,Online,Yes,7.66,35009,3.05,2025
iPhone 17,17-12-2024,UAE,Middle East,179714,215477086,1199,36.71,12.96,83,351609,4267183,4.42,512GB,Blue,22.23,Online,No,6.99,49624,1.13,2024
iPhone 17 Pro,01-02-2026,UK,Europe,86643,112549257,1299,41.5,4.89,66,552919,7757332,5.65,128GB,Gold,18.17,Online,Yes,7.63,34403,3.9,2026
iPhone 17,19-04-2024,USA,North America,137058,178038342,1299,26.56,5.89,73,1773152,6373300,4.04,128GB,Black,10.27,Retail Store,No,6.18,5365,4.12,2024
iPhone 17,23-06-2025,UK,Europe,26596,31888604,1199,21.73,-5.44,88,1517514,7178105,3.01,1TB,Gold,2.37,Retail Store,No,3.66,5654,1.68,2025
iPhone 17,23-05-2024,France,Europe,58147,69718253,1199,31.61,17.65,51,1777590,7081959,2.63,256GB,Titanium,20.13,Online,Yes,1.63,7861,2.93,2024
iPhone 17,14-06-2024,Germany,Europe,72923,80142377,1099,32.89,-0.85,79,837596,1525664,4.99,256GB,Blue,8.22,Retail Store,No,6.18,12862,2.49,2024
iPhone 17 Pro,11-12-2025,Brazil,South America,55308,60783492,1099,32.63,-1.44,53,103382,5311887,2.93,512GB,Gold,23.79,Retail Store,No,6.64,64836,3.25,2025
iPhone 17 Pro,09-10-2025,USA,North America,27204,32617596,1199,24.92,11.63,94,288260,515064,4.3,1TB,Blue,24.5,Carrier,Yes,2.97,31180,2.52,2025
iPhone 17 Pro,19-12-2025,France,Europe,66550,66483450,999,41.31,-4.72,97,97101,5577986,4.32,512GB,Titanium,4.05,Online,No,6.06,81933,4.17,2025
iPhone 17,03-04-2024,Canada,North America,105245,136713255,1299,33.75,0.8,76,178580,2197355,4.01,512GB,Gold,17.39,Retail Store,Yes,6.04,77965,1.56,2024
iPhone 17 Pro,09-07-2025,Canada,North America,50198,60187402,1199,21.75,-6.01,90,1917187,5644899,5.4,512GB,Black,6.95,Online,Yes,7.98,76551,2.67,2025
iPhone 17,06-12-2025,Germany,Europe,42738,42695262,999,41.54,8.02,67,965978,884469,6.74,1TB,Blue,18.88,Retail Store,Yes,2.85,16965,4.62,2025
iPhone 17,28-05-2024,UK,Europe,173651,208207549,1199,32.58,-3.33,98,698281,2768410,3.01,1TB,Titanium,13.67,Online,No,6.11,78287,2.14,2024
iPhone 17,02-02-2024,Japan,Asia,174186,191430414,1099,39.08,13.03,81,1419487,6793519,5.35,256GB,Silver,21.57,Carrier,Yes,2.02,78726,1.99,2024
iPhone 17,01-02-2024,UAE,Middle East,113941,136615259,1199,15.28,3.97,73,733974,5061423,4.28,128GB,Blue,4.51,Online,Yes,6.97,52854,2.2,2024
iPhone 17 Pro,23-07-2025,UK,Europe,47899,57430901,1199,29.61,13.14,58,1071261,431346,5.75,128GB,Titanium,7.06,Carrier,Yes,6.93,52167,2.86,2025
iPhone 17,26-05-2024,Germany,Europe,82143,90275157,1099,18.63,-3.61,87,611562,3522895,5.4,512GB,Black,9.91,Retail Store,No,2.01,37129,1.42,2024
iPhone 17,27-07-2024,India,Asia,169562,169392438,999,23.74,7.97,62,303023,3890978,2.98,256GB,Gold,2.06,Carrier,No,1.52,65963,1.4,2024
iPhone 17,25-10-2024,India,Asia,121683,133729617,1099,18.22,-4.21,71,1040985,6838505,6.22,512GB,Black,2.45,Carrier,No,6.08,59241,3.55,2024
iPhone 17 Pro,04-10-2025,Germany,Europe,119512,119392488,999,16.54,1.88,71,622057,5296913,3.21,1TB,Gold,6.31,Retail Store,No,2.52,4620,2.62,2025
iPhone 17 Pro,30-11-2025,UAE,Middle East,46283,50865017,1099,21.16,11.17,98,1191084,1160151,4.32,512GB,Black,11.24,Retail Store,Yes,7.82,76633,4.44,2025
iPhone 17 Pro,16-10-2025,Brazil,South America,108740,130379260,1199,23.59,-2.83,52,1323045,4464972,5.21,512GB,Silver,20.08,Online,Yes,6.65,54543,3,2025
iPhone 17,14-08-2024,UAE,Middle East,57903,63635397,1099,44.02,3.41,62,1056302,4040625,5.95,512GB,Black,5.17,Carrier,No,7.35,10619,3.97,2024
iPhone 17 Pro,24-06-2025,Japan,Asia,167581,167413419,999,21.45,-0.93,85,970648,7543818,6.07,256GB,Gold,3.32,Retail Store,No,4.87,66471,3.94,2025
iPhone 17,28-01-2026,UAE,Middle East,147717,147569283,999,19.89,0.76,89,1720248,4956313,3.34,512GB,Silver,3.14,Retail Store,Yes,2.4,61942,2.88,2026
iPhone 17,06-01-2024,Australia,Oceania,99728,129546672,1299,43.18,-7.95,58,728843,3901174,6.76,1TB,Black,22.11,Online,Yes,2.89,24395,2.07,2024
iPhone 17,17-05-2025,Germany,Europe,135827,135691173,999,17.67,-6.49,60,207319,912193,5.09,128GB,Titanium,20.56,Carrier,Yes,5.16,17037,4.74,2025
iPhone 17,13-10-2025,France,Europe,98251,98152749,999,44.33,12.45,76,1709829,672201,4.97,256GB,Silver,12.29,Carrier,Yes,5.18,80681,1.44,2025
iPhone 17,29-04-2025,Australia,Oceania,60950,79174050,1299,34.03,1.2,69,482854,6646747,4.48,256GB,Gold,23.83,Online,Yes,5.45,4439,2.92,2025
iPhone 17,02-02-2024,UAE,Middle East,31997,35164703,1099,34.32,11.84,97,1257144,6019274,5.67,256GB,Blue,14.95,Online,No,4.68,24770,3.5,2024
iPhone 17,14-12-2025,UAE,Middle East,44583,48996717,1099,42.37,15.21,76,632958,1942549,3.72,256GB,Silver,12.62,Online,No,7.84,19352,4.84,2025
iPhone 17,29-10-2025,Canada,North America,95140,104558860,1099,37.29,15.4,68,681516,3536676,3.36,1TB,Gold,2.17,Online,Yes,3.69,30378,2.1,2025
iPhone 17,29-11-2024,India,Asia,78308,101722092,1299,29.08,16.04,93,211980,4019603,6.01,512GB,Titanium,19.6,Online,No,4.88,51408,4.38,2024
iPhone 17,03-06-2025,Canada,North America,141228,141086772,999,41.66,-1.75,87,1738931,7488855,6.08,1TB,Silver,10.43,Retail Store,Yes,2.99,42823,2.74,2025
iPhone 17 Pro,02-01-2026,Australia,Oceania,32878,42708522,1299,36.01,5.06,69,1696032,1698972,2.91,512GB,Blue,16.97,Carrier,No,6.21,23471,4.5,2026
iPhone 17,07-09-2025,Australia,Oceania,33394,40039406,1199,27.97,17.46,54,887784,1928474,2.69,256GB,Gold,14.61,Retail Store,No,1.82,88504,4.2,2025
iPhone 17,12-04-2024,Brazil,South America,156025,202676475,1299,31.64,-5.91,82,1711254,4195788,4.99,1TB,Titanium,6.33,Online,No,7.71,27496,4.15,2024
iPhone 17,15-07-2025,Brazil,South America,111129,133243671,1199,16.14,-4.18,74,323761,1390221,4.38,1TB,Blue,8.76,Online,No,7.08,82781,3.96,2025
iPhone 17,04-02-2026,UK,Europe,99553,99453447,999,24.99,2.4,89,932119,5465719,4.71,256GB,Gold,4.29,Retail Store,No,3.31,40367,2.6,2026
iPhone 17,15-11-2024,Brazil,South America,138513,138374487,999,37.79,14.18,83,972215,4828935,3.69,128GB,Gold,6.39,Carrier,No,5.49,68365,3.92,2024
iPhone 17 Pro,26-01-2026,Australia,Oceania,25248,30272352,1199,31.33,11.23,75,1541275,4638119,5.2,256GB,Black,24.8,Online,Yes,2.08,27660,2.65,2026
iPhone 17 Pro,12-02-2026,USA,North America,24665,24640335,999,25.3,3.96,83,1204487,1541219,6.58,1TB,Silver,22.52,Retail Store,No,7.85,60389,4.42,2026
iPhone 17 Pro,25-10-2025,India,Asia,135185,175605315,1299,16.44,14.93,51,956143,4922700,4.4,128GB,Silver,16.29,Retail Store,Yes,3.18,56270,2.85,2025
iPhone 17,12-11-2025,France,Europe,16082,20890518,1299,25.59,-4.28,98,116719,4576213,4.24,128GB,Titanium,5.65,Carrier,Yes,7,17039,1.97,2025
iPhone 17 Pro,14-06-2025,France,Europe,27803,33335797,1199,20.53,3.52,50,95376,7168326,2.79,128GB,Blue,9.22,Carrier,No,6.91,69480,1.38,2025
iPhone 17,26-08-2024,Japan,Asia,47735,57234265,1199,30.75,1.58,67,494927,5910654,5.13,1TB,Black,7.02,Online,Yes,7.42,13068,1.99,2024
iPhone 17,27-09-2025,USA,North America,27818,27790182,999,34.35,-1.9,62,1385021,4860025,6.35,1TB,Titanium,2.3,Carrier,Yes,6.92,44205,2.93,2025
iPhone 17,23-12-2025,France,Europe,57756,75025044,1299,17.11,9.91,64,1310307,3330424,6.42,512GB,Black,8.99,Online,Yes,7.52,80582,3.07,2025
iPhone 17,07-07-2024,France,Europe,81600,97838400,1199,24.34,4.75,64,1869087,3933063,5.95,128GB,Silver,18.74,Online,No,5.01,55433,1.53,2024
iPhone 17 Pro,12-11-2025,Canada,North America,37631,41356469,1099,35.66,11.28,61,1699085,1596845,3.45,128GB,Blue,13.42,Online,Yes,7.73,27583,1.04,2025
iPhone 17,26-07-2025,Germany,Europe,94538,103897262,1099,44.68,-0.91,69,710167,4684933,4.09,128GB,Black,24.23,Carrier,No,3.57,13908,4.16,2025
iPhone 17,18-01-2026,UK,Europe,19920,19900080,999,30.86,11.6,86,436215,6738708,3.42,512GB,Gold,9.28,Carrier,No,5.62,3020,4.56,2026
iPhone 17,10-11-2025,Japan,Asia,23382,25696818,1099,19.87,0.06,80,94425,3296695,4.14,256GB,Blue,19.65,Carrier,No,2.29,40851,1.86,2025
iPhone 17,07-02-2026,Australia,Oceania,159493,191232107,1199,40.04,11.81,89,1787621,3635925,5.11,1TB,Black,5.64,Carrier,Yes,1.92,78214,1.34,2026
iPhone 17,01-02-2024,Brazil,South America,51509,56608391,1099,42.57,9.83,93,391294,7566255,2.78,128GB,Blue,15.56,Carrier,Yes,2.73,58342,4.34,2024
iPhone 17,01-04-2024,UK,Europe,58826,70532374,1199,35.83,15.21,89,608671,2589465,2.74,512GB,Blue,15.38,Retail Store,No,1.81,33932,2.9,2024
iPhone 17,22-02-2026,Australia,Oceania,98098,97999902,999,42.51,14.12,61,1167381,1547407,6.42,256GB,Titanium,9.08,Retail Store,No,7.69,88186,2.75,2026
iPhone 17 Pro,18-09-2025,UK,Europe,43750,48081250,1099,38.46,17.17,57,1901661,706489,5.96,128GB,Blue,10.72,Online,No,6.43,34509,4.01,2025
iPhone 17,25-05-2025,Germany,Europe,155817,186824583,1199,40.04,-6.61,64,1839268,2994489,3.36,1TB,Blue,14.53,Online,No,4.79,41921,1.48,2025
iPhone 17 Pro,09-09-2025,Brazil,South America,87439,113583261,1299,15.53,14.41,78,961481,3785375,3.75,512GB,Gold,13.06,Online,No,4.3,63301,1.4,2025
iPhone 17,27-01-2025,Canada,North America,158492,205881108,1299,43.35,6.25,98,1770726,2988279,5.7,256GB,Silver,21.05,Carrier,No,4.51,58919,3.43,2025
iPhone 17 Pro,11-10-2025,Japan,Asia,150204,150053796,999,40.83,13.36,57,1983214,7028500,4.36,128GB,Blue,6.34,Retail Store,Yes,7.15,80173,1.19,2025
iPhone 17 Pro,10-02-2026,Germany,Europe,173556,173382444,999,25.31,7.44,64,1426606,2417364,6.14,256GB,Black,13.01,Retail Store,No,6.21,35806,1.15,2026
iPhone 17,07-01-2025,Japan,Asia,58888,64717912,1099,39.35,11.73,60,1503249,3408297,3.09,256GB,Titanium,5.38,Online,Yes,5.77,7111,1.52,2025
iPhone 17 Pro,08-07-2025,India,Asia,87392,87304608,999,43.5,12.95,62,721507,7173402,5.36,128GB,Gold,23.44,Carrier,Yes,2.34,24652,4.35,2025
iPhone 17,24-12-2025,Canada,North America,160823,192826777,1199,39.93,12.77,81,517090,3257045,6.04,512GB,Silver,8.03,Retail Store,Yes,1.74,75561,3.8,2025
iPhone 17,26-06-2024,India,Asia,105710,126746290,1199,31.55,-0.87,85,797463,5100254,5.21,128GB,Titanium,14.32,Online,No,4.48,33161,2.94,2024
iPhone 17,11-02-2025,UK,Europe,97297,106929403,1099,37.68,-5.45,93,585241,1677752,3.28,1TB,Titanium,7.14,Carrier,No,7.12,80331,2.04,2025
iPhone 17 Pro,02-06-2025,UK,Europe,53286,69218514,1299,24.98,1.93,53,731729,6526391,4.19,128GB,Gold,14.98,Retail Store,No,7.07,26707,3.76,2025
iPhone 17,07-02-2026,Brazil,South America,159084,174833316,1099,29.26,3.68,53,243148,2053201,6.46,256GB,Gold,20.83,Retail Store,Yes,7.54,55158,2.29,2026
iPhone 17 Pro,24-07-2025,Japan,Asia,139296,153086304,1099,30.52,-6.07,92,1572716,6064938,3.62,256GB,Blue,10.79,Retail Store,No,5.62,83145,1.21,2025
iPhone 17,12-01-2026,UK,Europe,32373,38815227,1199,37.12,3.71,63,203319,5486382,4.6,512GB,Titanium,5.97,Carrier,No,5.98,56968,4.26,2026
iPhone 17 Pro,22-10-2025,France,Europe,54491,65334709,1199,24.53,-1.96,82,1285882,7949989,4.06,512GB,Silver,19.07,Carrier,Yes,5.45,67320,3.46,2025
iPhone 17 Pro,19-12-2025,Canada,North America,87553,113731347,1299,43.83,9.42,70,511508,5240896,4.54,1TB,Silver,3.91,Carrier,No,7.72,39368,3.95,2025
iPhone 17,17-10-2024,UAE,Middle East,20397,20376603,999,42.72,-5.98,70,1329374,856435,2.68,1TB,Blue,1.95,Retail Store,No,7.25,5118,3.41,2024
iPhone 17 Pro,16-06-2025,France,Europe,16607,21572493,1299,38.7,12.38,72,1984209,1839485,3.38,256GB,Gold,15.32,Retail Store,Yes,7.91,51465,1.37,2025
iPhone 17,18-09-2024,Brazil,South America,139158,152934642,1099,29.01,13.11,81,1787227,7945188,2.79,256GB,Blue,4.85,Retail Store,Yes,5.76,29720,1.9,2024
iPhone 17 Pro,14-06-2025,UK,Europe,45215,49691285,1099,18.29,-4.83,80,733980,5292712,4.16,128GB,Titanium,2.47,Online,No,5.22,19025,1.4,2025
iPhone 17,01-05-2025,USA,North America,24623,31985277,1299,33.91,11.12,75,858504,5482771,5.75,512GB,Blue,10.49,Retail Store,No,2.13,37814,2.44,2025
iPhone 17,21-05-2024,UK,Europe,145443,159841857,1099,37.08,-7.8,59,1258350,3827635,4.31,128GB,Titanium,17.97,Online,No,7.19,10804,3.62,2024
iPhone 17 Pro,13-12-2025,Canada,North America,102385,102282615,999,40.12,7.94,54,1907331,5597291,6.58,256GB,Titanium,17.46,Carrier,No,7.52,75369,1.89,2025
iPhone 17,18-11-2024,France,Europe,16223,21073677,1299,17.84,0.36,53,1428480,6115278,2.63,128GB,Silver,3.43,Retail Store,No,2.63,54524,3.63,2024
iPhone 17 Pro,22-11-2025,Canada,North America,34504,41370296,1199,32.15,3.83,64,784690,2584239,4.94,128GB,Blue,23.92,Carrier,No,2.5,27734,1.34,2025
iPhone 17,09-07-2025,Canada,North America,113510,136098490,1199,25,0.8,64,1528653,1028937,6.32,128GB,Gold,21.6,Retail Store,No,5.38,8943,4.16,2025
iPhone 17,13-01-2025,UK,Europe,118716,154212084,1299,20.98,-6.42,72,1449693,6219582,5.79,512GB,Titanium,15.61,Online,No,3.04,24760,1.45,2025
iPhone 17,30-06-2024,USA,North America,37925,45472075,1199,18.87,8.46,81,613893,3394677,2.78,256GB,Black,0.88,Carrier,Yes,2.59,52949,4.68,2024
iPhone 17 Pro,11-11-2025,UK,Europe,16658,19972942,1199,39.63,-0.83,97,1277849,5159742,3.19,128GB,Silver,17.69,Retail Store,No,7.84,6476,3.41,2025
iPhone 17,06-10-2025,Germany,Europe,106269,127416531,1199,31.81,15.78,78,905748,6366800,4.88,1TB,Silver,22.07,Retail Store,Yes,7.64,9577,4.8,2025
iPhone 17 Pro,27-08-2025,UK,Europe,17985,19765515,1099,35.77,15.7,96,1999824,2425341,2.6,256GB,Silver,4.29,Carrier,Yes,5.17,13006,4.7,2025
iPhone 17,28-11-2025,Australia,Oceania,82782,107533818,1299,43.64,10.11,83,579961,6299128,4.17,128GB,Titanium,16.82,Retail Store,Yes,7.51,14075,2.2,2025
iPhone 17,07-02-2025,UAE,Middle East,24950,29915050,1199,17.49,-5.34,76,1493353,4362245,3.06,512GB,Blue,22.87,Carrier,Yes,2.41,60333,3.37,2025
iPhone 17 Pro,13-02-2026,France,Europe,154978,201316422,1299,40,10.87,78,1504311,3744181,5.91,256GB,Silver,10.48,Retail Store,Yes,3.43,28293,1.37,2026
iPhone 17,14-04-2025,India,Asia,148005,192258495,1299,40.13,1.46,96,1159420,776645,2.86,1TB,Black,7.91,Carrier,Yes,7.78,87610,3.97,2025
iPhone 17 Pro,23-07-2025,Australia,Oceania,110894,144051306,1299,40.5,7.68,91,1356865,5666440,3.43,128GB,Titanium,10.83,Retail Store,Yes,5.7,79944,3.77,2025
iPhone 17,14-03-2025,Australia,Oceania,33225,39836775,1199,37.02,16.39,68,961965,2861565,5.66,256GB,Black,18.14,Online,No,5.88,83821,3.53,2025
iPhone 17,30-04-2024,Japan,Asia,73185,87748815,1199,38.11,1.64,90,1868809,2633355,6.95,1TB,Silver,16.47,Carrier,No,3.88,19246,2.84,2024
iPhone 17 Pro,17-01-2026,India,Asia,57987,63727713,1099,25.35,8.88,88,353445,2703275,4.1,128GB,Black,23.79,Online,No,5.64,57435,1.15,2026
iPhone 17,20-05-2024,Australia,Oceania,84690,93074310,1099,41.09,12.72,62,1075563,4527617,3.42,256GB,Blue,17.15,Online,Yes,5.14,80400,4.61,2024
iPhone 17,16-03-2025,India,Asia,172650,224272350,1299,43.34,3.55,99,1793214,5052328,4.5,256GB,Silver,17.81,Online,Yes,3.94,29245,1.38,2025
iPhone 17,07-08-2024,Australia,Oceania,166953,166786047,999,26.71,1.92,88,1268345,1535736,3.71,512GB,Silver,1.34,Online,No,7.51,37488,1.88,2024
iPhone 17,23-04-2025,Brazil,South America,58167,58108833,999,32.95,8.1,77,590839,2322761,2.79,512GB,Silver,8.91,Carrier,Yes,5.41,75043,2.62,2025
iPhone 17,14-12-2024,India,Asia,58998,70738602,1199,41.38,3.88,55,1461194,2724962,3.6,512GB,Black,1.3,Retail Store,No,7.6,28575,1.45,2024
iPhone 17,16-09-2025,UAE,Middle East,166141,182588959,1099,29.75,-7.52,64,1412460,5561246,5.11,1TB,Gold,6.17,Carrier,Yes,3.51,25970,3.23,2025
iPhone 17 Pro,06-02-2026,Germany,Europe,112812,112699188,999,43.08,15.47,53,1230675,5295228,5.88,1TB,Gold,11.24,Retail Store,Yes,5.48,53314,3.05,2026
iPhone 17,13-02-2025,USA,North America,57113,62767187,1099,43.24,14.09,68,375206,2830929,3.86,512GB,Black,7.12,Retail Store,No,4.03,89940,2.87,2025
iPhone 17,27-05-2025,India,Asia,19318,25094082,1299,22.59,8.35,51,1229302,6780655,5.26,512GB,Black,4.99,Online,Yes,3.21,43309,4.63,2025
iPhone 17 Pro,01-08-2025,Canada,North America,125121,162532179,1299,23.19,15.62,51,103439,1806546,3.28,128GB,Titanium,14.73,Online,Yes,3.15,86459,2.95,2025
iPhone 17,21-05-2024,India,Asia,174002,173827998,999,39.95,4.05,52,961979,5117003,4.8,512GB,Gold,6.98,Retail Store,Yes,2.55,51850,3.91,2024
iPhone 17,22-10-2024,UAE,Middle East,72184,72111816,999,21.32,-0.64,83,1627069,4863587,4.34,512GB,Gold,7.74,Retail Store,No,3.43,73647,4.33,2024
iPhone 17,05-10-2024,Canada,North America,16694,20016106,1199,20.19,-6.76,98,1440014,3060209,5.32,128GB,Blue,10.39,Retail Store,Yes,7.77,50646,1.14,2024
iPhone 17,07-09-2024,Japan,Asia,128947,154607453,1199,37.34,-7.37,72,874895,6835864,2.82,256GB,Silver,24.51,Retail Store,No,5.51,28407,4.05,2024
iPhone 17,01-06-2025,Canada,North America,123227,160071873,1299,34.6,9.82,54,1751748,7247953,3.42,256GB,Gold,13.63,Online,Yes,6.47,40827,4.04,2025
iPhone 17,24-09-2024,Canada,North America,163055,162891945,999,20.45,3.59,50,923445,2548191,4.96,128GB,Silver,4.5,Retail Store,No,3.76,16105,4.22,2024
iPhone 17,30-03-2024,France,Europe,100490,130536510,1299,35.03,9.31,98,1377982,3746615,4.24,128GB,Blue,17.07,Online,Yes,7.33,89450,4.78,2024
iPhone 17,27-12-2024,India,Asia,89667,107510733,1199,41.83,5.64,87,1647981,3375746,3.2,512GB,Silver,6.25,Online,Yes,4.68,19444,4.95,2024
iPhone 17 Pro,26-09-2025,France,Europe,16320,16303680,999,21.95,16.7,88,1691776,3808424,5.5,1TB,Silver,11.24,Carrier,No,5.98,27061,2.42,2025
iPhone 17,28-02-2026,UAE,Middle East,155967,155811033,999,23.94,-4.12,73,937263,2902632,6.66,256GB,Gold,23.01,Online,Yes,3.37,30431,1.03,2026
iPhone 17,16-08-2024,USA,North America,85780,102850220,1199,44.79,13.23,54,1999132,7522478,6.65,1TB,Silver,0.89,Retail Store,No,6.48,61786,1.2,2024
iPhone 17,26-04-2025,UK,Europe,136403,149906897,1099,40.87,2.15,83,1724844,3636145,6.12,128GB,Silver,3.49,Online,No,4.22,8972,1.32,2025
iPhone 17,22-10-2025,USA,North America,152661,183040539,1199,21.93,2.25,99,603099,3711328,3.19,256GB,Blue,22.75,Retail Store,No,7.6,26508,4.14,2025
iPhone 17,05-11-2025,Japan,Asia,83772,83688228,999,24.28,1.74,90,1902900,4736716,4.06,128GB,Silver,10,Carrier,Yes,3.85,21165,3.81,2025
iPhone 17 Pro,31-07-2025,Japan,Asia,158908,206421492,1299,25.05,15.91,96,291965,3990278,3.33,1TB,Black,7.12,Carrier,No,4.21,3719,3.1,2025
iPhone 17,30-06-2025,Germany,Europe,34215,44445285,1299,31.27,1.65,93,972711,2483820,6.26,512GB,Titanium,16.95,Carrier,Yes,5.95,3526,4.94,2025
iPhone 17,16-11-2025,France,Europe,161104,193163696,1199,31.24,-7.52,57,1292511,6248182,3.35,256GB,Titanium,2.57,Online,No,4.3,56096,3.37,2025
iPhone 17 Pro,29-09-2025,Germany,Europe,102091,101988909,999,40.78,14.58,59,1123774,2699078,5.56,1TB,Titanium,24.45,Online,No,6.89,33209,1.07,2025
iPhone 17 Pro,06-01-2026,Canada,North America,121810,121688190,999,43.09,16.95,52,816626,3155748,6.46,128GB,Blue,14.5,Carrier,Yes,4.39,39640,4.77,2026
iPhone 17,18-02-2026,France,Europe,44346,57605454,1299,29.15,11.34,92,1408706,2131782,3.56,256GB,Black,10.96,Carrier,Yes,1.61,53054,1.37,2026
iPhone 17,05-01-2026,Australia,Oceania,94946,104345654,1099,23.08,13.3,83,967996,5299179,3.04,256GB,Silver,23.06,Retail Store,Yes,2.03,27967,5,2026
iPhone 17 Pro,06-09-2025,USA,North America,35497,42560903,1199,29.26,11.53,53,223954,1404824,6.04,256GB,Gold,4.23,Online,Yes,2.21,67038,2.22,2025
iPhone 17,17-05-2025,Canada,North America,45579,59207121,1299,40.73,-6.49,63,1643455,2104911,6.37,128GB,Gold,2.44,Retail Store,No,3.06,61649,4.34,2025
iPhone 17 Pro,08-02-2026,Germany,Europe,30412,39505188,1299,26.67,17.95,57,1343225,3869794,4.19,128GB,Titanium,14.44,Retail Store,Yes,4.35,54268,4.57,2026
iPhone 17,23-05-2025,Japan,Asia,130042,168924558,1299,30.51,-2.89,82,1227484,2868020,6.85,256GB,Blue,16.77,Carrier,Yes,3.86,79680,3.26,2025
iPhone 17 Pro,13-08-2025,Japan,Asia,19574,23469226,1199,25.7,-3.39,70,560313,686881,6.32,128GB,Blue,23.01,Carrier,Yes,4.42,24037,3.97,2025
iPhone 17 Pro,28-12-2025,Australia,Oceania,174636,209388564,1199,41.72,10.62,58,632375,4048768,5.42,256GB,Blue,9.81,Carrier,No,7.31,69761,2.3,2025
iPhone 17,23-11-2025,Germany,Europe,28936,28907064,999,21.39,15.01,98,809221,2476379,5.4,128GB,Blue,4.22,Carrier,Yes,7.85,58998,1.23,2025
iPhone 17,09-03-2025,Germany,Europe,164829,214112871,1299,21.43,12.34,89,1271452,4255074,5.31,1TB,Titanium,16.98,Retail Store,Yes,4.67,72519,3.62,2025
iPhone 17 Pro,08-10-2025,UK,Europe,93156,121009644,1299,36.74,3.58,66,767887,3511055,4.94,1TB,Titanium,23.93,Carrier,Yes,7.34,5355,3.78,2025
iPhone 17,30-10-2025,Australia,Oceania,179704,215465096,1199,20.82,4.4,58,915399,1784792,3.53,1TB,Blue,22.99,Carrier,Yes,6.07,51039,4.27,2025
iPhone 17,23-01-2026,Canada,North America,42723,42680277,999,34.61,-0.43,97,1594778,6908335,6.34,256GB,Gold,17.69,Carrier,Yes,5.54,3744,3,2026
iPhone 17 Pro,07-01-2026,Brazil,South America,67082,80431318,1199,18.58,2.64,97,588469,4335377,4.45,1TB,Black,10.47,Online,Yes,1.79,45354,2.85,2026
iPhone 17,29-11-2024,UK,Europe,65697,85340403,1299,36.21,-1.95,95,1134142,7338218,2.73,512GB,Silver,11.98,Online,Yes,6.2,82149,1.87,2024
iPhone 17 Pro,25-07-2025,France,Europe,142422,185006178,1299,33.13,0.82,90,1513338,1982978,5.75,256GB,Titanium,19.34,Online,Yes,2.47,29809,3.23,2025
iPhone 17 Pro,15-06-2025,Germany,Europe,115877,115761123,999,41.2,3.92,76,966837,1954777,3.96,512GB,Blue,10.48,Carrier,Yes,5.94,23615,1.29,2025
iPhone 17,23-07-2024,USA,North America,59407,59347593,999,39.67,12.24,73,773540,2108588,3.81,128GB,Gold,10.34,Carrier,Yes,5.08,56276,4.52,2024
iPhone 17,11-08-2024,Japan,Asia,27636,33135564,1199,16.06,14.44,74,609254,3264263,3.67,1TB,Black,17.39,Retail Store,Yes,3.16,5998,4.06,2024
iPhone 17,03-10-2024,USA,North America,31219,40553481,1299,25.88,-4.68,91,541849,1624233,4.46,128GB,Silver,13.98,Online,Yes,5.59,54397,2.03,2024
iPhone 17 Pro,28-01-2026,UK,Europe,40650,52804350,1299,16.69,3.25,91,512695,5715800,4.94,128GB,Gold,15.04,Online,No,5.46,45568,3.55,2026
iPhone 17,25-01-2025,Germany,Europe,31760,41256240,1299,20.3,7.87,91,1740850,2522786,5.6,128GB,Gold,8.45,Online,No,7.79,13296,1.98,2025
iPhone 17,03-06-2025,UAE,Middle East,24402,31698198,1299,27.35,-5.48,54,711377,4096016,5.62,128GB,Black,0.36,Carrier,Yes,3.61,59999,1.08,2025
iPhone 17,27-12-2025,USA,North America,82827,91026873,1099,28.62,14.86,80,1432690,2150759,4.14,256GB,Titanium,6.65,Carrier,No,5.34,6352,2.29,2025
iPhone 17,12-09-2024,Germany,Europe,149257,193884843,1299,39.18,-1.24,73,1028716,4686458,6.73,256GB,Silver,18.14,Carrier,Yes,7.51,40630,2.57,2024
iPhone 17 Pro,25-10-2025,UAE,Middle East,175066,227410734,1299,19.49,12.35,89,898180,797053,4,1TB,Titanium,21.39,Carrier,Yes,7.19,25347,3.1,2025
iPhone 17,26-05-2024,Australia,Oceania,88086,105615114,1199,37.48,2.41,56,1369821,4359889,4.2,256GB,Blue,20.39,Online,No,2.66,79226,3.31,2024
iPhone 17,06-08-2024,India,Asia,134616,161404584,1199,21.45,-4.97,82,317685,4093055,3.46,1TB,Black,11.78,Online,No,4.49,56158,3.19,2024
iPhone 17,13-09-2025,UK,Europe,40979,40938021,999,34.54,5.43,91,1893848,761046,4.71,128GB,Gold,2.29,Online,Yes,2.54,55536,1.52,2025
iPhone 17,12-09-2024,Japan,Asia,82561,107246739,1299,43.91,16.62,91,506375,2770231,4.9,256GB,Blue,20.39,Online,Yes,5.58,38682,4.47,2024
iPhone 17 Pro,27-11-2025,France,Europe,153655,199597845,1299,36.98,16.78,91,1573637,3258024,2.98,512GB,Gold,24.54,Online,Yes,6.25,16229,3.02,2025
iPhone 17,28-06-2024,India,Asia,99671,99571329,999,34.6,7,61,1481193,2477467,3.29,256GB,Titanium,19.57,Carrier,No,5.81,51504,1.23,2024
iPhone 17 Pro,17-01-2026,France,Europe,55149,66123651,1199,23.67,-0.45,74,1675363,3784419,3.17,256GB,Titanium,14.42,Online,No,6.31,83096,3.89,2026
iPhone 17,24-01-2024,Australia,Oceania,169059,202701741,1199,32.56,5.06,95,870428,6822542,3.98,128GB,Gold,12.33,Carrier,No,7.45,20864,4.71,2024
iPhone 17,23-06-2024,Brazil,South America,59619,71483181,1199,32.51,-6.89,73,1349833,5309881,4.01,1TB,Titanium,3.68,Retail Store,No,2.43,88030,1.31,2024
iPhone 17,18-03-2024,UK,Europe,31802,34950398,1099,39.52,-2.63,70,661131,4195195,5.58,256GB,Gold,23.75,Online,No,4.29,87271,3.35,2024
iPhone 17 Pro,14-10-2025,France,Europe,128487,128358513,999,38.2,-6.24,75,504446,2118478,2.63,128GB,Black,14.33,Retail Store,Yes,6.95,88544,1.52,2025
iPhone 17,24-10-2024,Japan,Asia,136559,177390141,1299,41.59,5.25,76,1549926,3283412,5.5,128GB,Blue,16.76,Retail Store,Yes,7.36,69606,4.23,2024
iPhone 17,24-06-2024,Canada,North America,46657,51276043,1099,33.7,1.04,69,974186,2395143,2.81,256GB,Gold,9.05,Retail Store,No,7.58,45523,1.68,2024
iPhone 17,22-01-2025,Canada,North America,120148,144057452,1199,43.58,9.28,76,656991,2293818,4.82,1TB,Silver,1.23,Retail Store,No,1.96,47390,4.06,2025
iPhone 17,16-07-2025,UAE,Middle East,38238,49671162,1299,41.32,-5.3,88,673684,2494320,4.2,128GB,Silver,7.93,Retail Store,Yes,4.98,7849,1.55,2025
iPhone 17,29-04-2024,Japan,Asia,160271,208192029,1299,41.11,2.07,71,1405840,5830764,4.61,256GB,Silver,0.54,Carrier,No,6.63,50879,3.41,2024
iPhone 17,24-10-2025,India,Asia,162636,162473364,999,39.08,9.2,59,953081,4479238,4.5,1TB,Gold,8.47,Retail Store,Yes,7.01,76390,1.09,2025
iPhone 17,24-03-2024,Canada,North America,103018,113216782,1099,20.44,-5.63,95,1385256,7816055,3.12,1TB,Blue,14.32,Online,Yes,2.09,45459,1.12,2024
iPhone 17,18-09-2025,France,Europe,75051,89986149,1199,39.25,12.02,73,701597,4457501,4.18,256GB,Gold,5.18,Online,No,7.6,40459,3.25,2025
iPhone 17 Pro,20-08-2025,Canada,North America,149400,179130600,1199,37.52,-4.26,61,242814,1452166,5.88,256GB,Gold,5.96,Carrier,Yes,1.51,12533,3.46,2025
iPhone 17,20-02-2025,UAE,Middle East,23164,27773636,1199,26.94,13.08,62,911594,6610062,2.92,1TB,Blue,0.4,Retail Store,Yes,2.6,43739,4.1,2025
iPhone 17,03-03-2024,Canada,North America,74207,88974193,1199,28.4,13.05,67,1358481,1961103,3.4,256GB,Gold,13.95,Retail Store,No,3.22,68430,4.27,2024
iPhone 17,30-12-2024,UAE,Middle East,131351,157489849,1199,33.89,10.63,54,262277,6169588,4.69,1TB,Gold,7.94,Retail Store,Yes,2.41,60858,4.87,2024
iPhone 17 Pro,23-06-2025,UAE,Middle East,130784,156810016,1199,17.02,4.08,89,938886,1948244,2.59,128GB,Titanium,24.64,Carrier,No,3.89,57716,1.41,2025
iPhone 17,04-10-2024,Germany,Europe,107674,118333726,1099,41.77,10.2,83,602801,3170208,6.98,512GB,Gold,8.89,Online,No,4.29,66008,4.4,2024
iPhone 17,17-10-2024,Germany,Europe,127780,127652220,999,16.82,-4.39,63,812267,2408621,5.18,128GB,Titanium,10.25,Retail Store,Yes,6.95,12033,1.76,2024
iPhone 17 Pro,19-02-2026,Canada,North America,97404,126527796,1299,44.69,4.59,97,1813016,2257643,6.78,512GB,Silver,17.75,Retail Store,No,4.39,51604,2.99,2026
iPhone 17,20-06-2025,UAE,Middle East,64119,76878681,1199,24.93,5.27,65,1195921,4764690,2.57,128GB,Gold,4.35,Carrier,No,4.68,17866,2.11,2025
iPhone 17,08-01-2026,USA,North America,159051,206607249,1299,41.61,6.97,70,200354,6503529,4.33,256GB,Blue,1.12,Online,No,7.72,85392,1.41,2026
iPhone 17 Pro,30-12-2025,Canada,North America,34374,37777026,1099,36.3,11.16,52,1744415,792848,4.17,512GB,Gold,15.45,Online,Yes,5.24,71326,4.56,2025
iPhone 17,30-04-2024,Australia,Oceania,130774,130643226,999,20.37,9.26,95,987842,7110364,5.86,512GB,Blue,5.2,Retail Store,No,7.19,9393,4.95,2024
iPhone 17,27-07-2024,Germany,Europe,167531,184116569,1099,24.89,-6.39,73,1395777,6944026,5.72,512GB,Black,23.93,Retail Store,No,5.99,9674,4.73,2024
iPhone 17 Pro,08-02-2026,Japan,Asia,161388,161226612,999,38.15,13.92,63,1142563,4119931,3.69,256GB,Silver,10.2,Carrier,Yes,5.35,42827,4.8,2026
iPhone 17 Pro,15-06-2025,Japan,Asia,78073,101416827,1299,22.96,15.9,51,1635994,7775532,5.55,1TB,Black,8.21,Online,No,4.54,6717,1.6,2025
iPhone 17 Pro,25-12-2025,USA,North America,60221,72204979,1199,35.13,11.03,95,172326,539972,5.54,256GB,Black,16.02,Retail Store,No,7.76,40964,3.28,2025
iPhone 17 Pro,12-02-2026,India,Asia,113162,135681238,1199,24.78,7.95,56,819835,7805396,5.66,128GB,Blue,9.2,Online,No,5.86,82211,4.41,2026
iPhone 17,20-03-2024,India,Asia,118512,153947088,1299,20.28,4.27,94,1091594,3436319,5.46,128GB,Silver,12.86,Online,No,2.08,15167,1.62,2024
iPhone 17,03-01-2024,India,Asia,89712,116535888,1299,38.92,9.5,82,380826,2093223,6.5,1TB,Black,19.31,Online,No,7.52,88061,3.75,2024
iPhone 17,24-12-2025,Germany,Europe,123248,123124752,999,44.52,14.53,50,1853088,2469789,2.63,1TB,Silver,4.27,Online,Yes,2.87,41648,3.29,2025
iPhone 17,15-08-2025,USA,North America,68164,81728636,1199,18.8,-5.05,61,1942196,6941612,3.17,1TB,Silver,12.71,Online,No,5.71,14829,3.1,2025
iPhone 17,14-09-2025,India,Asia,60858,79054542,1299,43.01,-2.93,61,1782834,406586,3.82,512GB,Titanium,18.28,Online,Yes,6.57,42648,2.99,2025
iPhone 17,30-09-2024,UAE,Middle East,45173,58679727,1299,29.71,1.41,82,196242,1995489,6.81,1TB,Blue,6.11,Carrier,No,7.38,5703,3.58,2024
iPhone 17,24-02-2026,Australia,Oceania,80524,80443476,999,30.2,13.18,88,550028,5174787,5.91,512GB,Gold,16.31,Online,No,4.8,35976,4.47,2026
iPhone 17,10-07-2025,France,Europe,74867,89765533,1199,32.81,-7.19,77,528920,4047016,5.14,1TB,Blue,15.76,Retail Store,Yes,6.16,62921,2.28,2025
iPhone 17 Pro,10-10-2025,USA,North America,137315,137177685,999,23.38,0.69,51,1636237,1852397,5.39,1TB,Black,8.13,Online,No,5.61,5870,1.68,2025
iPhone 17,27-03-2025,Germany,Europe,19509,23391291,1199,25.93,-3.62,98,1155497,416683,4.99,128GB,Black,7.37,Retail Store,No,2.37,74656,1.87,2025
iPhone 17,17-05-2025,Brazil,South America,144471,187667829,1299,17.13,4.8,90,1102563,706042,3.23,256GB,Silver,6.44,Retail Store,Yes,7.52,64323,4.82,2025
iPhone 17,16-06-2025,UK,Europe,26891,34931409,1299,41.96,9.61,78,1681421,2483336,4.17,1TB,Black,6.61,Retail Store,No,1.93,48032,4.56,2025
iPhone 17,31-12-2025,UAE,Middle East,148293,192632607,1299,41.46,6.66,90,1737552,2446001,5.93,1TB,Titanium,14,Online,No,7.35,36043,2.09,2025
iPhone 17 Pro,01-10-2025,Canada,North America,126371,126244629,999,32.91,0.89,60,417621,4133869,4.09,128GB,Blue,0.72,Carrier,Yes,7.88,61147,4.98,2025
iPhone 17,10-02-2026,Canada,North America,55185,55129815,999,18.31,-1.01,92,1729457,2654651,3.33,512GB,Titanium,15.34,Retail Store,No,1.84,17060,1.93,2026
iPhone 17 Pro,07-10-2025,Australia,Oceania,126789,139341111,1099,38.77,10.18,56,1115915,3196373,3.33,512GB,Blue,9.28,Online,Yes,4.89,74227,2.78,2025
iPhone 17 Pro,20-12-2025,Canada,North America,40230,52258770,1299,36.55,-4.83,89,801180,1749054,3.62,256GB,Black,12.68,Retail Store,Yes,2.34,67936,2.33,2025
iPhone 17 Pro,08-06-2025,UAE,Middle East,17477,17459523,999,27.57,2.96,80,1944244,2628592,2.7,256GB,Silver,10.2,Retail Store,Yes,4.21,30141,1.65,2025
iPhone 17,09-10-2025,UK,Europe,150496,165395104,1099,35.3,11.14,56,1807120,1800166,6.18,128GB,Gold,9.5,Retail Store,Yes,2.37,72327,2.94,2025
iPhone 17,05-02-2024,Australia,Oceania,66998,80330602,1199,15.22,1.06,79,1161470,7237734,4.34,256GB,Black,4.07,Retail Store,No,4.97,72914,3.71,2024
iPhone 17 Pro,27-08-2025,Brazil,South America,82696,82613304,999,19.51,12.77,71,217293,425294,6.56,128GB,Silver,13.64,Carrier,No,7.15,71235,4.8,2025
iPhone 17,24-12-2024,India,Asia,138297,151988403,1099,23.53,15.51,69,1747220,7607294,4.71,256GB,Black,13.25,Online,Yes,2.35,20460,4.09,2024
iPhone 17,25-11-2025,Germany,Europe,84915,84830085,999,22.06,3.2,56,1905907,1690151,6.52,128GB,Titanium,12.33,Online,No,3.82,21565,3.49,2025
iPhone 17 Pro,10-01-2026,UK,Europe,139868,167701732,1199,29.38,-1.21,96,493059,7495393,5.76,1TB,Black,2.07,Retail Store,Yes,5.34,83196,1.82,2026
iPhone 17,10-12-2025,Australia,Oceania,156221,187308979,1199,22.17,15.08,63,149098,2089246,6.25,128GB,Blue,22.59,Online,No,5.22,66565,3.96,2025
iPhone 17,26-10-2025,Brazil,South America,72465,72392535,999,18.98,2.54,51,308749,478871,4.89,512GB,Gold,12.09,Carrier,No,5.98,46056,4.6,2025
iPhone 17,06-03-2024,India,Asia,111589,111477411,999,26.21,17.55,76,409644,2952535,3.65,1TB,Titanium,15.01,Online,No,5.95,66829,2.35,2024
iPhone 17,21-10-2024,UK,Europe,26651,31954549,1199,40.14,-2.46,71,1954776,1644634,5.97,512GB,Silver,15.94,Carrier,No,5.6,71743,1.92,2024
iPhone 17,30-05-2025,Brazil,South America,65262,71722938,1099,43.71,14.46,80,278482,6219359,4.23,128GB,Silver,3.73,Carrier,Yes,1.64,18802,1.43,2025
iPhone 17 Pro,27-07-2025,Japan,Asia,136727,163935673,1199,29.44,-2.14,56,1286138,4513441,4.9,256GB,Black,2.64,Retail Store,Yes,6.68,19410,4.61,2025
iPhone 17 Pro,19-02-2026,Canada,North America,144385,158679115,1099,39.99,1.53,99,499685,7551929,5.27,256GB,Blue,3.04,Retail Store,No,1.52,71802,3.49,2026
iPhone 17,12-10-2025,Japan,Asia,95901,124575399,1299,30.67,16.11,95,778999,4784890,5.19,128GB,Blue,8.85,Online,Yes,4.52,68533,1.92,2025
iPhone 17,17-03-2024,India,Asia,77335,100458165,1299,34.84,-3.67,59,1757795,1382479,6.35,256GB,Silver,2.73,Online,Yes,5.75,26074,1.11,2024
iPhone 17,07-12-2024,Japan,Asia,91045,118267455,1299,23.35,2.5,67,1302322,2096380,5.82,128GB,Blue,18.75,Online,Yes,2.44,28236,2.68,2024
iPhone 17,05-09-2025,Japan,Asia,19340,23188660,1199,40.12,9.71,60,1505015,7432257,6.6,1TB,Titanium,8.15,Retail Store,Yes,2.52,69042,3.16,2025
iPhone 17,29-12-2024,France,Europe,90769,117908931,1299,28.41,15.84,99,1849617,2616956,4.76,1TB,Silver,9.61,Retail Store,Yes,2.39,72134,1.01,2024
iPhone 17 Pro,29-12-2025,Germany,Europe,40362,40321638,999,23.03,-0.66,92,1791633,4813987,3.46,256GB,Blue,6.54,Online,No,3.05,79195,3.04,2025
iPhone 17,09-08-2024,Australia,Oceania,79745,103588755,1299,28.28,5.61,51,1391057,884188,6.47,256GB,Blue,22.59,Retail Store,Yes,5.79,54194,2.03,2024
iPhone 17 Pro,23-06-2025,Germany,Europe,43571,47884529,1099,25.17,11.54,61,295611,5249236,6.67,256GB,Gold,21.35,Online,Yes,6.9,83375,3.38,2025
iPhone 17,30-05-2024,India,Asia,118100,153411900,1299,26.23,-2.59,58,1171618,2852421,2.59,1TB,Gold,4.3,Retail Store,No,6.32,71882,4.89,2024
iPhone 17 Pro,07-11-2025,Canada,North America,19200,21100800,1099,31.14,-2.38,89,1015448,5230069,6.32,1TB,Black,22,Retail Store,Yes,4.49,73388,2.51,2025
iPhone 17,16-11-2025,UK,Europe,160713,208766187,1299,31.37,0.64,77,514355,6251493,6.94,256GB,Titanium,15.67,Online,Yes,7.35,66917,2.12,2025
iPhone 17 Pro,27-02-2026,Australia,Oceania,39488,51294912,1299,42.2,-3.28,67,176931,4589982,5.1,256GB,Black,22.78,Online,Yes,6.98,80240,2.18,2026
iPhone 17 Pro,25-06-2025,Brazil,South America,132367,158708033,1199,17.61,4.21,96,1842818,6983425,3.56,256GB,Gold,23.28,Carrier,No,6.84,5026,2.91,2025
iPhone 17,02-05-2024,USA,North America,146777,175985623,1199,18.11,15.47,88,910852,2910520,5.15,128GB,Titanium,4.38,Carrier,No,5.92,3209,1.44,2024
iPhone 17,22-10-2024,UAE,Middle East,114017,125304683,1099,17.53,11.26,84,755311,2436991,6.66,256GB,Titanium,1.35,Carrier,No,7.13,29842,4.27,2024
iPhone 17,18-06-2025,Australia,Oceania,112969,146746731,1299,38.67,-0.54,81,1089424,4528617,4.91,128GB,Blue,24.76,Online,Yes,6.06,60392,2.62,2025
iPhone 17,19-04-2024,France,Europe,66055,79199945,1199,27.73,-2.04,63,1782965,1272894,4.76,128GB,Blue,22.05,Retail Store,No,1.76,65996,1.06,2024
iPhone 17 Pro,14-08-2025,USA,North America,123169,135362731,1099,44.65,12.67,82,690522,2682039,3.67,512GB,Gold,16.44,Carrier,Yes,2.44,20276,2.27,2025
iPhone 17,30-08-2025,Australia,Oceania,133839,160472961,1199,33.8,5.11,73,1955282,3402824,2.64,512GB,Blue,24.31,Carrier,Yes,5.87,79925,1.41,2025
iPhone 17,09-04-2025,India,Asia,173539,173365461,999,41.93,-5.21,55,1062164,6456774,3.66,256GB,Blue,17.25,Carrier,No,3.51,39036,4.19,2025
iPhone 17,08-08-2024,UAE,Middle East,164923,214234977,1299,23.06,-3.03,54,421574,6718421,4.66,128GB,Gold,15.97,Retail Store,Yes,7.2,84226,4.94,2024
iPhone 17,21-10-2024,Japan,Asia,16475,16458525,999,26.39,7.56,71,959923,3633327,4.08,128GB,Blue,7.9,Carrier,Yes,5.48,83468,1.05,2024
iPhone 17 Pro,05-07-2025,Germany,Europe,26358,31603242,1199,19.83,5.21,84,1180844,1234337,6.38,256GB,Blue,19.3,Retail Store,Yes,3.28,73164,2.89,2025
iPhone 17 Pro,16-09-2025,Australia,Oceania,121838,121716162,999,24.7,-0.52,65,1958551,3958448,6.09,1TB,Silver,2.53,Retail Store,No,6.7,56756,4.3,2025
iPhone 17,18-09-2025,France,Europe,38848,46578752,1199,35.1,17.96,91,180091,3515544,4.88,1TB,Titanium,21,Retail Store,Yes,1.94,87536,2.13,2025
iPhone 17,07-06-2024,Brazil,South America,145323,145177677,999,35.66,16.74,50,871794,4067115,6.52,128GB,Black,3.21,Online,No,3.52,56271,3.29,2024
iPhone 17,09-02-2025,India,Asia,41992,54547608,1299,17.16,-2.47,55,723859,2583278,3.36,256GB,Gold,21.54,Online,Yes,2.25,61861,4.68,2025
iPhone 17 Pro,08-09-2025,Canada,North America,152521,198124779,1299,25.34,11.45,89,938418,5423735,6.84,256GB,Titanium,13.8,Online,No,4.79,75603,2.03,2025
iPhone 17 Pro,21-11-2025,Japan,Asia,170636,187528964,1099,42.74,-3.33,92,1025784,1098142,3.39,256GB,Titanium,20.96,Retail Store,No,6.03,78287,2.05,2025
iPhone 17 Pro,20-11-2025,India,Asia,179063,214696537,1199,40.8,-4.87,53,1994551,3570028,6.5,1TB,Gold,8.37,Online,Yes,4.8,87006,3.7,2025
iPhone 17,08-08-2025,UAE,Middle East,104403,125179197,1199,39.93,12.02,97,1530670,6750268,3.58,1TB,Titanium,22.51,Online,Yes,2.11,36390,1.88,2025
iPhone 17,23-08-2025,Canada,North America,95748,124376652,1299,23.36,-1.24,53,334557,7624708,2.63,512GB,Titanium,15.32,Carrier,No,3.47,62984,4.6,2025
iPhone 17,22-09-2025,Japan,Asia,27686,35964114,1299,37.05,-6.11,67,1655355,1273174,2.51,512GB,Silver,21.07,Online,No,4.79,47518,4.44,2025
iPhone 17,02-04-2024,Australia,Oceania,66628,86549772,1299,28.82,-6.04,98,1527632,3992058,6,1TB,Blue,2.25,Online,Yes,2.67,23134,2.12,2024
iPhone 17,23-06-2024,UAE,Middle East,98780,118437220,1199,18.25,13.23,98,1083438,5738477,5.61,512GB,Black,0,Retail Store,Yes,7.56,18877,3.48,2024
iPhone 17,03-02-2025,Canada,North America,165320,165154680,999,43.28,10.52,64,1744256,7837196,5.13,512GB,Gold,18.13,Online,Yes,5.63,52270,4.9,2025
iPhone 17 Pro,24-01-2026,UAE,Middle East,28617,31450083,1099,41.95,0.25,93,151120,5471536,6.27,512GB,Blue,0.38,Online,Yes,7.7,63356,1.1,2026
iPhone 17,25-04-2024,USA,North America,23545,23521455,999,36.17,7.02,66,674399,923931,5.34,1TB,Gold,8.77,Online,Yes,6.5,43747,2.46,2024
iPhone 17,20-01-2024,Japan,Asia,29546,29516454,999,41.27,15.37,96,408499,2926943,2.56,128GB,Black,24.02,Online,Yes,6.89,83823,2.55,2024
iPhone 17,19-03-2024,India,Asia,138374,138235626,999,25,10.21,92,858269,4576494,4.66,1TB,Gold,18.02,Retail Store,No,7.6,14772,4.76,2024
iPhone 17,24-02-2024,Brazil,South America,177935,213344065,1199,24.83,2.64,69,1351709,1157044,4.74,256GB,Silver,24.9,Online,No,4.68,8282,3.03,2024
iPhone 17 Pro,20-09-2025,Canada,North America,28376,36860424,1299,42.14,13.28,75,830151,7741099,4.57,1TB,Blue,8.18,Online,No,7.9,57654,3.33,2025
iPhone 17 Pro,25-07-2025,India,Asia,60002,65942198,1099,42.53,14.98,58,581316,1558845,5.54,256GB,Silver,12.67,Carrier,Yes,3.3,15922,2.74,2025
iPhone 17,11-02-2025,Canada,North America,67147,73794553,1099,40.02,-5.17,76,1298199,4370623,6.35,512GB,Black,22.57,Retail Store,Yes,4.75,37787,4.73,2025
iPhone 17,01-10-2025,France,Europe,28754,37351446,1299,37.17,-5.87,78,808692,3026007,4.16,512GB,Blue,8.61,Carrier,No,6.62,69791,4.86,2025
iPhone 17,07-06-2024,Australia,Oceania,163977,163813023,999,27,-2.36,54,1887550,2044590,5.46,128GB,Titanium,23.06,Carrier,No,4.33,72457,2.85,2024
iPhone 17 Pro,26-10-2025,Germany,Europe,44347,57606753,1299,17.44,8.58,52,949874,1438617,3.14,512GB,Black,0.05,Carrier,No,2.5,38088,4.61,2025
iPhone 17 Pro,03-06-2025,USA,North America,121017,120895983,999,23.06,-6.32,97,1097445,6900543,2.55,512GB,Silver,0.04,Carrier,No,6.87,68640,3.62,2025
iPhone 17,01-10-2024,Germany,Europe,97386,107027214,1099,44.81,-3.23,68,1259232,2840985,4.93,512GB,Gold,2.02,Carrier,No,6.48,69874,4.27,2024
iPhone 17,13-09-2024,UAE,Middle East,169251,202931949,1199,38.09,-1.13,89,929993,6190793,6.05,512GB,Gold,16.35,Retail Store,Yes,2.67,56586,3.99,2024
iPhone 17,14-07-2025,Brazil,South America,156820,188027180,1199,17.01,15.14,74,1702272,3033438,3.45,128GB,Black,4.33,Carrier,No,4.8,85613,4.9,2025
iPhone 17,23-11-2024,Germany,Europe,101230,111251770,1099,27.33,0.26,86,934844,2457823,5.08,512GB,Gold,24.48,Online,No,4.45,66976,4.38,2024
iPhone 17,24-03-2025,Brazil,South America,125003,149878597,1199,37.95,3.79,79,1997540,456898,3.7,256GB,Black,0.51,Retail Store,No,2.89,84911,3.58,2025
iPhone 17 Pro,30-10-2025,USA,North America,61996,68133604,1099,19.52,3.99,60,963372,6975007,2.59,128GB,Silver,2.65,Online,Yes,6.92,11612,1.97,2025
iPhone 17,13-05-2024,Australia,Oceania,148456,163153144,1099,35.12,-5.27,72,705530,876398,5.89,1TB,Blue,24.3,Online,Yes,5.53,21700,3.32,2024
iPhone 17,13-08-2025,Brazil,South America,157953,189385647,1199,37.12,15.19,74,365241,1451554,4.62,256GB,Titanium,3.58,Online,Yes,6.13,59804,4.86,2025
iPhone 17,19-01-2024,India,Asia,19453,19433547,999,22.07,-1.78,72,1300353,7269773,4.24,128GB,Titanium,21.89,Retail Store,No,3.71,82309,1.25,2024
iPhone 17,13-02-2024,UK,Europe,24827,32250273,1299,27.88,2.63,89,578364,4595889,4.7,512GB,Blue,23.98,Retail Store,Yes,7.74,12033,4.92,2024
iPhone 17,22-11-2024,Brazil,South America,23190,25485810,1099,37.41,14.98,86,239772,4666450,5.2,1TB,Blue,12.54,Retail Store,No,5.55,79706,4.04,2024
iPhone 17,16-01-2026,Japan,Asia,139648,153473152,1099,27.15,10.44,80,1171842,2324770,2.78,128GB,Titanium,4.87,Retail Store,Yes,6.28,74700,4.25,2026
iPhone 17 Pro,03-01-2026,Japan,Asia,81116,89146484,1099,25.27,-4.75,74,1094804,4637698,4.66,128GB,Black,13.91,Carrier,No,6.97,44432,2.23,2026
iPhone 17,02-01-2026,Japan,Asia,103613,103509387,999,15.63,2.29,80,691726,3781681,4.46,1TB,Gold,17.47,Retail Store,No,6.15,29065,4.32,2026
iPhone 17,29-08-2025,India,Asia,136332,177095268,1299,37.42,-7.34,89,588418,2018283,2.85,256GB,Titanium,1.45,Online,No,4.65,11985,2.71,2025
iPhone 17,05-10-2025,India,Asia,126550,139078450,1099,20.03,-2.96,99,1799358,4046916,3.37,128GB,Blue,6.92,Carrier,Yes,7.64,80534,3.58,2025
iPhone 17,03-09-2025,Canada,North America,78728,86522072,1099,36.5,7.03,75,166467,2630377,4.32,128GB,Blue,6.73,Online,Yes,2.79,40929,3.62,2025
iPhone 17,22-08-2025,India,Asia,120520,120399480,999,30.96,11.42,77,877035,7490040,4.7,512GB,Blue,10.93,Retail Store,No,3.39,24068,2.4,2025
iPhone 17,29-06-2025,France,Europe,26319,31556481,1199,16.21,-6.21,87,105940,4849106,5.11,128GB,Black,21.01,Online,Yes,3.97,46441,3.22,2025
iPhone 17 Pro,18-07-2025,UAE,Middle East,29472,38284128,1299,42.89,10.65,69,353104,6899148,6.64,512GB,Gold,8.15,Retail Store,Yes,2.18,38976,4.14,2025
iPhone 17,25-05-2025,Brazil,South America,134673,174940227,1299,28.5,13.56,58,1062248,3776379,5,1TB,Black,0.74,Retail Store,No,5.58,89703,2.6,2025
iPhone 17,23-05-2024,France,Europe,103231,113450869,1099,29.64,-2.38,83,1843222,7727135,6.74,256GB,Gold,20.16,Retail Store,Yes,3.81,15888,4.81,2024
iPhone 17,18-02-2024,UK,Europe,89285,98124215,1099,36.31,9.54,73,1597062,3298287,4.46,128GB,Gold,15.77,Retail Store,No,2.61,40126,2.46,2024
iPhone 17,24-11-2025,UK,Europe,60738,60677262,999,36.02,14.4,73,221118,6846180,6.91,256GB,Gold,24.58,Retail Store,No,2.95,41948,3.12,2025
iPhone 17,19-06-2024,USA,North America,77805,101068695,1299,36.38,13.43,80,600775,1164404,6.05,256GB,Black,4.85,Carrier,Yes,6.27,7014,3.14,2024
iPhone 17,24-01-2024,Australia,Oceania,40850,40809150,999,30.46,5.51,95,1002840,4535933,3.82,1TB,Titanium,11.79,Retail Store,No,3.03,82290,3.56,2024
iPhone 17,25-06-2024,India,Asia,132920,172663080,1299,21.02,14.61,72,1603202,6564864,3.55,512GB,Silver,8.6,Retail Store,No,3.32,88324,2.63,2024
iPhone 17,03-05-2024,Japan,Asia,152125,151972875,999,25.29,0.91,69,1038149,1582193,3.13,512GB,Black,16.44,Carrier,Yes,6.48,6662,1.92,2024
iPhone 17,12-06-2024,France,Europe,54497,70791603,1299,23.31,-1.7,98,1469363,2110456,3.71,256GB,Titanium,16.26,Carrier,Yes,3.68,29948,4.13,2024
iPhone 17,11-03-2024,India,Asia,80657,88642043,1099,37.71,12.67,80,572314,639192,5.33,128GB,Black,11.35,Carrier,No,7.26,28209,3.72,2024
iPhone 17,08-09-2024,India,Asia,53147,53093853,999,24.21,5.1,88,184983,3987633,4.47,256GB,Silver,14.18,Online,No,2.66,88534,3.09,2024
iPhone 17,24-02-2024,France,Europe,122644,159314556,1299,27.31,-5.53,93,1934688,7956337,2.79,256GB,Titanium,9.97,Online,Yes,2.06,63357,4.11,2024
iPhone 17 Pro,30-08-2025,Brazil,South America,119730,143556270,1199,28.23,1.36,97,710865,6283092,6.5,128GB,Gold,16.02,Retail Store,No,3.54,81572,3.04,2025
iPhone 17,23-02-2026,Germany,Europe,94380,122599620,1299,34.85,17.17,62,1566485,1007348,3.77,128GB,Titanium,2.32,Carrier,Yes,5.96,16163,2.12,2026
iPhone 17,21-02-2024,Japan,Asia,132658,132525342,999,17.42,-6.42,87,1557660,7381159,5.86,256GB,Blue,5.58,Retail Store,Yes,7.6,65678,4.6,2024
iPhone 17,17-01-2026,Germany,Europe,53022,68875578,1299,44.56,-0.32,83,1397947,441189,3.26,256GB,Silver,21.01,Retail Store,Yes,3.64,88587,3.36,2026
iPhone 17 Pro,07-01-2026,Canada,North America,130859,143814041,1099,21.99,13.27,97,704902,7545767,4.74,256GB,Gold,12.51,Online,No,6.03,64097,2.62,2026
iPhone 17,02-04-2024,France,Europe,42788,47024012,1099,17.69,-5.6,77,342547,5063089,5.27,256GB,Gold,5.6,Retail Store,Yes,5.93,89208,2.74,2024
iPhone 17,26-12-2025,Canada,North America,108296,140676504,1299,28.13,3.57,61,1899146,3238877,4.38,256GB,Gold,0.3,Online,No,2.3,34632,2.1,2025
iPhone 17,29-10-2024,UK,Europe,46313,50897987,1099,39.04,5.65,87,906080,4980061,4.29,1TB,Gold,21.5,Retail Store,No,1.9,89527,2.32,2024
iPhone 17,31-01-2025,Japan,Asia,41269,53608431,1299,28.33,15.92,59,986114,5685836,4.18,256GB,Black,22.36,Online,Yes,2.84,72581,4.15,2025
iPhone 17 Pro,22-02-2026,Australia,Oceania,86160,94689840,1099,40.77,-7.94,59,1312751,7433956,5.07,512GB,Titanium,3.47,Retail Store,No,3.27,28474,1.73,2026
iPhone 17,26-06-2024,France,Europe,118106,117987894,999,22.49,-7.96,55,558653,1125085,3.62,128GB,Gold,8.38,Online,Yes,3.26,68258,1.24,2024
iPhone 17 Pro,16-02-2026,Australia,Oceania,59431,71257769,1199,18.06,-0.17,91,546918,1373900,2.82,512GB,Titanium,8.43,Carrier,No,7.52,18266,4.46,2026
iPhone 17 Pro,22-12-2025,Canada,North America,101295,121452705,1199,40.41,5.14,63,1204918,2734990,3.4,256GB,Blue,20.19,Carrier,No,6.73,32512,3.11,2025
iPhone 17,31-08-2025,France,Europe,151171,181254029,1199,21.73,1.6,93,1219421,712147,3.16,1TB,Black,14.82,Retail Store,Yes,7.26,89838,2.9,2025
iPhone 17,17-09-2024,UAE,Middle East,18228,18209772,999,37.71,2.15,59,1914830,3597147,5.31,1TB,Titanium,6.38,Carrier,Yes,2.18,62175,3.04,2024
iPhone 17,03-02-2024,UK,Europe,62612,62549388,999,15.27,12.15,58,377991,4617407,4.15,512GB,Silver,3.67,Online,Yes,6.31,63787,4.55,2024
iPhone 17 Pro,01-01-2026,France,Europe,84942,93351258,1099,16.73,8.08,64,1131987,1749184,4.24,512GB,Black,20.4,Carrier,Yes,2.95,87360,1.25,2026
iPhone 17,26-11-2024,Germany,Europe,68173,88556727,1299,27.2,12.33,79,746750,456627,5.03,128GB,Gold,18.57,Online,Yes,5.61,47693,2.91,2024
iPhone 17,21-02-2025,Brazil,South America,51809,62118991,1199,39.88,10.92,81,1696153,6170886,5.25,256GB,Blue,20.56,Online,Yes,2.67,24444,4.74,2025
iPhone 17,31-01-2026,India,Asia,94529,94434471,999,26.78,9.24,72,258253,581793,5.48,256GB,Black,2.93,Carrier,No,3.74,39944,3.29,2026
iPhone 17,25-01-2025,India,Asia,39193,39153807,999,26.74,1.63,54,946593,7763785,4.03,1TB,Gold,16.51,Online,Yes,5.07,12029,4.32,2025
iPhone 17 Pro,22-09-2025,Germany,Europe,19776,21733824,1099,36.21,-1.28,85,402866,7839452,6.09,256GB,Gold,5.39,Carrier,Yes,6.01,22640,4.94,2025
iPhone 17,01-06-2024,Japan,Asia,33014,42885186,1299,26.91,14.96,97,1838109,2485098,2.86,512GB,Black,8.15,Online,Yes,4.41,63522,1.72,2024
iPhone 17,01-11-2024,USA,North America,114859,149201841,1299,44.52,-3.2,77,1928591,7388106,6.41,256GB,Gold,18.36,Online,Yes,1.64,61314,1.77,2024
iPhone 17,26-03-2025,India,Asia,103297,113523403,1099,19.88,17.07,83,384861,802243,6.32,1TB,Gold,16.01,Online,No,1.98,83383,4.12,2025
iPhone 17,01-12-2025,UAE,Middle East,89658,116465742,1299,33.69,-6,96,1100071,5763998,3.97,512GB,Gold,22.54,Carrier,Yes,7.6,27591,2.2,2025
iPhone 17,30-08-2024,UAE,Middle East,124430,124305570,999,39.33,5.05,99,1463379,7201413,2.54,256GB,Titanium,8.93,Retail Store,No,2.49,87623,1.52,2024
iPhone 17,24-01-2025,Canada,North America,166843,183360457,1099,32.75,10.19,67,261652,7364147,3.48,256GB,Black,13.08,Retail Store,Yes,6.09,74325,1.09,2025
iPhone 17 Pro,02-08-2025,Canada,North America,25142,30145258,1199,15.92,14.31,67,750658,6834663,3.94,1TB,Blue,15.58,Carrier,No,5.38,65015,2.01,2025
iPhone 17,17-12-2024,UAE,Middle East,169781,169611219,999,42.72,9.76,86,1155940,7385219,5.91,256GB,Titanium,15.76,Carrier,No,5.61,25727,2.54,2024
iPhone 17,07-09-2025,USA,North America,36399,47282301,1299,25.09,-3.1,96,708985,5156770,3.76,1TB,Black,13.55,Carrier,No,6.1,54933,2.75,2025
iPhone 17,21-05-2025,UK,Europe,139657,153483043,1099,40.1,16.48,66,1611583,2055317,5.36,256GB,Blue,16.6,Online,Yes,7.41,24735,2.62,2025
iPhone 17 Pro,25-12-2025,Canada,North America,87590,96261410,1099,25.27,-2.47,79,539780,6570752,5.63,256GB,Titanium,10.33,Online,Yes,1.91,50753,2.85,2025
iPhone 17 Pro,17-08-2025,France,Europe,171896,206103304,1199,38.11,-7.49,90,1686006,2541481,4.44,256GB,Silver,19.34,Retail Store,No,4.77,9352,1.15,2025
iPhone 17,19-06-2025,India,Asia,87771,114014529,1299,36.02,9.26,90,399109,3920490,5.36,1TB,Silver,18.33,Carrier,No,4.97,66539,1.68,2025
iPhone 17,30-10-2024,Canada,North America,161240,209450760,1299,24.29,3.01,78,1089982,7881137,4.72,1TB,Titanium,16.16,Online,No,4.35,45203,2.15,2024
iPhone 17 Pro,06-12-2025,Germany,Europe,156400,187523600,1199,24.15,0.56,93,1281330,3462098,3.57,1TB,Silver,16.07,Retail Store,No,1.84,65188,2.62,2025
iPhone 17,23-10-2025,Australia,Oceania,136328,149824472,1099,15.89,-7.36,64,864748,3276959,6.18,1TB,Black,14.7,Online,Yes,3.6,26565,1.5,2025
iPhone 17 Pro,22-11-2025,Australia,Oceania,94132,103451068,1099,38.34,-4.97,52,1594146,464761,3.38,1TB,Gold,6.71,Online,No,6.84,72721,1.91,2025
iPhone 17,30-01-2024,India,Asia,40268,52308132,1299,39.83,5.1,79,1436012,5124892,5.16,512GB,Black,21.49,Online,No,7.32,52488,3.6,2024
iPhone 17,10-05-2024,UAE,Middle East,149404,179135396,1199,20.38,-1.85,65,1192031,889355,6.76,1TB,Gold,13.06,Retail Store,Yes,6.58,83068,1.08,2024
iPhone 17 Pro,22-10-2025,Australia,Oceania,113346,124567254,1099,27.5,-0.14,96,1174837,1295144,5.61,256GB,Titanium,0.54,Online,No,2.48,54802,4.65,2025
